ID,Date,Temperature (Â°C),Humidity (%),Light Intensity (Lux),Raindrop Sensor (0/1),IsRaining
1,2018-01-01,20.3,65,1015,0,No
2,2018-01-02,20.7,79,81,0,No
3,2018-01-03,33.6,90,736,1,Yes
4,2018-01-04,21.5,98,1445,0,No
5,2018-01-05,24.2,80,92,0,No
6,2018-01-06,21.5,70,1199,1,Yes
7,2018-01-07,27.7,50,363,1,Yes
8,2018-01-08,22.6,99,916,1,Yes
9,2018-01-09,28.9,60,1476,0,No
10,2018-01-10,25.9,60,1410,0,No
11,2018-01-11,32.9,98,228,0,No
12,2018-01-12,34.8,91,1066,0,No
13,2018-01-13,22.2,83,149,1,Yes
14,2018-01-14,33.8,75,1071,1,Yes
15,2018-01-15,24.9,65,244,0,No
16,2018-01-16,24.6,92,575,0,No
17,2018-01-17,24.6,80,297,1,Yes
18,2018-01-18,24.8,53,155,0,No
19,2018-01-19,32.7,90,1042,0,No
20,2018-01-20,20.1,84,571,0,No
21,2018-01-21,30.7,89,987,1,Yes
22,2018-01-22,26.2,60,558,0,No
23,2018-01-23,21.2,98,1407,0,No
24,2018-01-24,34.6,73,212,0,No
25,2018-01-25,33.3,79,776,0,No
26,2018-01-26,26.4,83,154,0,No
27,2018-01-27,20.4,75,388,0,No
28,2018-01-28,20.9,98,181,0,No
29,2018-01-29,29.7,79,189,1,Yes
30,2018-01-30,32.6,99,826,0,No
31,2018-01-31,25.1,50,1260,1,Yes
32,2018-02-01,24.0,99,1241,0,No
33,2018-02-02,29.8,68,1194,0,No
34,2018-02-03,20.7,79,81,1,Yes
35,2018-02-04,25.0,78,423,0,No
36,2018-02-05,20.9,55,995,0,No
37,2018-02-06,34.8,95,420,0,No
38,2018-02-07,22.5,75,1490,1,Yes
39,2018-02-08,29.5,51,188,0,No
40,2018-02-09,25.1,93,666,0,No
41,2018-02-10,22.0,98,1071,0,No
42,2018-02-11,30.9,81,452,0,No
43,2018-02-12,34.7,64,582,1,Yes
44,2018-02-13,27.9,51,427,0,No
45,2018-02-14,25.0,56,573,1,Yes
46,2018-02-15,23.4,84,1268,0,No
47,2018-02-16,34.0,72,312,0,No
48,2018-02-17,23.2,67,144,0,No
49,2018-02-18,34.5,65,113,0,No
50,2018-02-19,23.5,66,591,0,No
51,2018-02-20,24.0,82,1292,1,Yes
52,2018-02-21,33.3,61,841,0,No
53,2018-02-22,21.9,53,505,0,No
54,2018-02-23,25.5,69,204,0,No
55,2018-02-24,32.8,90,852,0,No
56,2018-02-25,30.1,97,284,0,No
57,2018-02-26,34.3,54,1151,1,Yes
58,2018-02-27,32.6,69,1043,0,No
59,2018-02-28,31.8,72,1077,0,No
60,2018-03-01,28.8,98,893,0,No
61,2018-03-02,24.7,87,199,0,No
62,2018-03-03,27.4,54,738,0,No
63,2018-03-04,23.6,60,681,1,Yes
64,2018-03-05,34.0,75,596,0,No
65,2018-03-06,25.8,56,377,0,No
66,2018-03-07,28.0,85,1055,0,No
67,2018-03-08,31.6,58,159,0,No
68,2018-03-09,28.6,97,773,1,Yes
69,2018-03-10,33.9,95,95,0,No
70,2018-03-11,21.6,57,1486,0,No
71,2018-03-12,34.5,100,90,1,Yes
72,2018-03-13,24.0,61,1119,1,Yes
73,2018-03-14,25.7,98,708,1,Yes
74,2018-03-15,29.3,72,138,0,No
75,2018-03-16,21.4,72,632,1,Yes
76,2018-03-17,23.6,100,371,1,Yes
77,2018-03-18,26.0,93,1236,1,Yes
78,2018-03-19,27.2,90,90,0,No
79,2018-03-20,21.6,68,1459,0,No
80,2018-03-21,21.0,70,358,1,Yes
81,2018-03-22,26.7,92,923,0,No
82,2018-03-23,25.7,83,1473,0,No
83,2018-03-24,26.2,85,261,0,No
84,2018-03-25,35.0,94,616,0,No
85,2018-03-26,21.1,55,548,0,No
86,2018-03-27,27.1,56,1465,0,No
87,2018-03-28,20.9,74,875,0,No
88,2018-03-29,27.1,77,92,1,Yes
89,2018-03-30,25.0,70,1260,0,No
90,2018-03-31,34.1,85,215,0,No
91,2018-04-01,27.0,62,269,0,No
92,2018-04-02,22.5,99,1451,1,Yes
93,2018-04-03,33.2,91,162,1,Yes
94,2018-04-04,28.4,68,562,1,Yes
95,2018-04-05,24.5,74,1164,0,No
96,2018-04-06,34.9,93,1126,1,Yes
97,2018-04-07,23.2,65,955,0,No
98,2018-04-08,33.5,78,732,0,No
99,2018-04-09,29.5,62,1437,1,Yes
100,2018-04-10,30.4,77,841,0,No
101,2018-04-11,21.0,57,962,0,No
102,2018-04-12,22.6,66,778,0,No
103,2018-04-13,33.7,59,247,0,No
104,2018-04-14,33.7,56,124,0,No
105,2018-04-15,23.1,76,105,0,No
106,2018-04-16,31.1,87,804,0,No
107,2018-04-17,30.9,95,1468,0,No
108,2018-04-18,27.9,99,953,1,Yes
109,2018-04-19,22.1,81,1103,0,No
110,2018-04-20,24.1,97,1269,0,No
111,2018-04-21,21.6,56,1465,1,Yes
112,2018-04-22,33.9,80,993,0,No
113,2018-04-23,21.5,77,645,0,No
114,2018-04-24,34.7,58,1108,0,No
115,2018-04-25,24.7,73,836,0,No
116,2018-04-26,23.9,56,1084,0,No
117,2018-04-27,31.9,87,717,0,No
118,2018-04-28,28.4,71,316,1,Yes
119,2018-04-29,23.9,84,776,0,No
120,2018-04-30,32.7,66,1449,0,No
121,2018-05-01,25.7,59,852,0,No
122,2018-05-02,30.6,59,1480,0,No
123,2018-05-03,21.4,82,1029,0,No
124,2018-05-04,22.0,51,217,0,No
125,2018-05-05,23.3,95,220,0,No
126,2018-05-06,27.1,74,1323,0,No
127,2018-05-07,33.6,97,1218,0,No
128,2018-05-08,21.5,57,52,1,Yes
129,2018-05-09,32.2,63,1040,1,Yes
130,2018-05-10,30.4,99,156,0,No
131,2018-05-11,20.6,77,961,0,No
132,2018-05-12,31.4,90,519,0,No
133,2018-05-13,29.8,78,630,0,No
134,2018-05-14,22.2,69,1014,0,No
135,2018-05-15,33.2,61,1282,1,Yes
136,2018-05-16,29.7,61,924,1,Yes
137,2018-05-17,20.2,67,1460,1,Yes
138,2018-05-18,25.4,73,936,0,No
139,2018-05-19,21.8,56,666,0,No
140,2018-05-20,32.9,91,1067,0,No
141,2018-05-21,34.5,71,320,0,No
142,2018-05-22,33.8,91,494,1,Yes
143,2018-05-23,30.8,92,82,1,Yes
144,2018-05-24,26.6,52,1250,0,No
145,2018-05-25,22.6,100,512,0,No
146,2018-05-26,29.5,54,1060,0,No
147,2018-05-27,34.7,87,254,0,No
148,2018-05-28,24.5,54,891,0,No
149,2018-05-29,21.1,53,603,0,No
150,2018-05-30,24.8,80,1360,0,No
151,2018-05-31,32.3,60,1243,1,Yes
152,2018-06-01,33.3,72,453,1,Yes
153,2018-06-02,22.8,99,143,0,No
154,2018-06-03,29.1,86,380,0,No
155,2018-06-04,21.3,82,980,0,No
156,2018-06-05,25.8,89,906,0,No
157,2018-06-06,28.7,81,962,1,Yes
158,2018-06-07,25.3,67,473,0,No
159,2018-06-08,34.6,51,625,1,Yes
160,2018-06-09,34.8,92,1156,0,No
161,2018-06-10,20.8,75,562,1,Yes
162,2018-06-11,32.3,60,410,0,No
163,2018-06-12,28.0,70,1032,0,No
164,2018-06-13,29.6,51,758,0,No
165,2018-06-14,21.3,90,1046,1,Yes
166,2018-06-15,31.3,70,1077,0,No
167,2018-06-16,20.7,70,1490,1,Yes
168,2018-06-17,33.2,58,1118,1,Yes
169,2018-06-18,30.9,94,1159,1,Yes
170,2018-06-19,21.2,51,235,1,Yes
171,2018-06-20,29.1,59,1093,0,No
172,2018-06-21,24.5,63,1064,0,No
173,2018-06-22,24.9,62,1047,0,No
174,2018-06-23,21.8,85,1063,1,Yes
175,2018-06-24,24.1,94,201,1,Yes
176,2018-06-25,23.2,64,880,0,No
177,2018-06-26,31.0,87,602,0,No
178,2018-06-27,30.6,66,713,1,Yes
179,2018-06-28,33.1,58,506,0,No
180,2018-06-29,28.2,64,263,0,No
181,2018-06-30,30.3,81,185,0,No
182,2018-07-01,25.8,94,351,1,Yes
183,2018-07-02,24.6,77,727,0,No
184,2018-07-03,30.9,52,1291,0,No
185,2018-07-04,28.2,88,526,0,No
186,2018-07-05,31.7,79,943,0,No
187,2018-07-06,34.7,98,1323,0,No
188,2018-07-07,33.5,73,1337,0,No
189,2018-07-08,33.3,57,548,0,No
190,2018-07-09,25.2,89,1039,0,No
191,2018-07-10,20.3,81,711,0,No
192,2018-07-11,30.2,51,505,0,No
193,2018-07-12,32.5,82,383,0,No
194,2018-07-13,21.5,66,1043,0,No
195,2018-07-14,24.1,61,850,0,No
196,2018-07-15,27.0,67,992,0,No
197,2018-07-16,33.6,75,967,0,No
198,2018-07-17,21.0,89,102,0,No
199,2018-07-18,23.1,66,642,0,No
200,2018-07-19,22.2,77,870,0,No
201,2018-07-20,33.6,69,1248,0,No
202,2018-07-21,25.4,72,535,0,No
203,2018-07-22,32.4,75,83,0,No
204,2018-07-23,33.3,85,700,0,No
205,2018-07-24,32.5,68,579,0,No
206,2018-07-25,28.4,99,725,1,Yes
207,2018-07-26,34.2,71,828,0,No
208,2018-07-27,26.1,71,1082,1,Yes
209,2018-07-28,34.0,76,1150,0,No
210,2018-07-29,28.2,93,691,0,No
211,2018-07-30,23.0,67,589,1,Yes
212,2018-07-31,23.2,89,475,0,No
213,2018-08-01,32.7,86,604,0,No
214,2018-08-02,33.8,99,437,0,No
215,2018-08-03,31.2,93,318,1,Yes
216,2018-08-04,27.5,75,273,1,Yes
217,2018-08-05,24.9,91,207,0,No
218,2018-08-06,24.9,74,217,0,No
219,2018-08-07,27.1,61,630,1,Yes
220,2018-08-08,31.4,97,238,0,No
221,2018-08-09,28.6,64,573,1,Yes
222,2018-08-10,31.1,86,772,0,No
223,2018-08-11,23.2,91,1099,0,No
224,2018-08-12,29.3,82,1298,0,No
225,2018-08-13,28.8,81,112,0,No
226,2018-08-14,27.0,56,420,0,No
227,2018-08-15,31.5,63,786,0,No
228,2018-08-16,31.7,68,1396,0,No
229,2018-08-17,34.0,74,925,0,No
230,2018-08-18,26.1,54,178,0,No
231,2018-08-19,24.9,65,1178,0,No
232,2018-08-20,29.6,96,591,1,Yes
233,2018-08-21,20.0,95,388,0,No
234,2018-08-22,24.5,91,263,0,No
235,2018-08-23,34.3,88,854,0,No
236,2018-08-24,21.7,84,68,0,No
237,2018-08-25,28.7,91,265,0,No
238,2018-08-26,31.4,66,709,0,No
239,2018-08-27,30.0,95,1146,0,No
240,2018-08-28,29.4,74,754,0,No
241,2018-08-29,28.3,61,1271,0,No
242,2018-08-30,24.5,64,402,1,Yes
243,2018-08-31,25.4,68,1256,1,Yes
244,2018-09-01,31.4,64,1171,0,No
245,2018-09-02,26.2,82,215,0,No
246,2018-09-03,30.9,76,586,1,Yes
247,2018-09-04,33.5,97,328,0,No
248,2018-09-05,32.8,65,922,0,No
249,2018-09-06,26.6,52,1401,1,Yes
250,2018-09-07,23.0,89,476,1,Yes
251,2018-09-08,22.9,93,548,0,No
252,2018-09-09,27.5,87,1174,1,Yes
253,2018-09-10,34.7,79,140,0,No
254,2018-09-11,31.8,93,976,0,No
255,2018-09-12,32.5,99,299,0,No
256,2018-09-13,32.1,59,334,0,No
257,2018-09-14,21.3,64,387,1,Yes
258,2018-09-15,30.7,74,255,1,Yes
259,2018-09-16,26.9,57,825,1,Yes
260,2018-09-17,21.2,67,362,1,Yes
261,2018-09-18,28.0,63,130,0,No
262,2018-09-19,25.3,81,397,0,No
263,2018-09-20,31.2,97,141,0,No
264,2018-09-21,21.8,66,856,0,No
265,2018-09-22,27.5,82,996,0,No
266,2018-09-23,24.2,89,776,0,No
267,2018-09-24,26.1,84,382,0,No
268,2018-09-25,32.3,58,269,0,No
269,2018-09-26,22.1,94,1478,0,No
270,2018-09-27,24.4,79,167,1,Yes
271,2018-09-28,32.7,70,1009,1,Yes
272,2018-09-29,22.8,55,1140,1,Yes
273,2018-09-30,33.2,99,976,0,No
274,2018-10-01,35.0,66,1324,1,Yes
275,2018-10-02,31.3,100,1367,0,No
276,2018-10-03,32.8,61,86,0,No
277,2018-10-04,20.4,96,1469,0,No
278,2018-10-05,33.6,99,1002,0,No
279,2018-10-06,30.0,67,1136,0,No
280,2018-10-07,23.7,60,948,0,No
281,2018-10-08,21.7,90,584,0,No
282,2018-10-09,26.8,55,378,0,No
283,2018-10-10,22.0,59,913,0,No
284,2018-10-11,34.2,90,1156,1,Yes
285,2018-10-12,31.7,53,945,1,Yes
286,2018-10-13,30.0,83,485,1,Yes
287,2018-10-14,26.9,64,177,1,Yes
288,2018-10-15,30.3,91,684,0,No
289,2018-10-16,21.0,91,326,0,No
290,2018-10-17,27.0,66,437,1,Yes
291,2018-10-18,32.3,84,1037,1,Yes
292,2018-10-19,23.7,52,567,0,No
293,2018-10-20,23.5,54,783,0,No
294,2018-10-21,26.4,54,78,0,No
295,2018-10-22,33.5,98,610,0,No
296,2018-10-23,27.2,97,1201,1,Yes
297,2018-10-24,27.3,51,468,0,No
298,2018-10-25,22.1,93,1067,1,Yes
299,2018-10-26,22.2,69,165,1,Yes
300,2018-10-27,33.5,97,203,0,No
301,2018-10-28,32.3,100,996,1,Yes
302,2018-10-29,25.8,99,1143,1,Yes
303,2018-10-30,25.8,56,439,1,Yes
304,2018-10-31,34.7,68,417,0,No
305,2018-11-01,24.9,87,370,0,No
306,2018-11-02,21.4,72,563,0,No
307,2018-11-03,32.0,68,1208,1,Yes
308,2018-11-04,21.6,96,868,1,Yes
309,2018-11-05,33.2,80,778,0,No
310,2018-11-06,20.6,67,379,0,No
311,2018-11-07,34.5,65,697,0,No
312,2018-11-08,27.8,66,53,0,No
313,2018-11-09,28.5,70,531,0,No
314,2018-11-10,34.6,94,730,0,No
315,2018-11-11,24.7,63,397,0,No
316,2018-11-12,23.6,61,889,1,Yes
317,2018-11-13,33.0,64,474,0,No
318,2018-11-14,25.0,62,144,0,No
319,2018-11-15,29.9,83,965,0,No
320,2018-11-16,29.8,78,791,0,No
321,2018-11-17,28.3,67,290,0,No
322,2018-11-18,27.8,80,922,0,No
323,2018-11-19,30.6,54,280,1,Yes
324,2018-11-20,27.9,97,1330,0,No
325,2018-11-21,27.1,77,1190,1,Yes
326,2018-11-22,29.9,69,257,0,No
327,2018-11-23,27.7,71,517,1,Yes
328,2018-11-24,24.2,95,383,1,Yes
329,2018-11-25,25.7,51,1243,1,Yes
330,2018-11-26,32.8,55,194,0,No
331,2018-11-27,31.6,67,875,1,Yes
332,2018-11-28,31.4,53,1312,0,No
333,2018-11-29,23.5,85,1485,1,Yes
334,2018-11-30,32.0,70,667,0,No
335,2018-12-01,28.7,68,65,0,No
336,2018-12-02,24.8,83,1419,0,No
337,2018-12-03,23.8,61,1403,0,No
338,2018-12-04,21.4,63,1269,0,No
339,2018-12-05,24.2,67,414,0,No
340,2018-12-06,23.6,80,1000,0,No
341,2018-12-07,25.4,61,217,1,Yes
342,2018-12-08,21.1,92,430,0,No
343,2018-12-09,22.3,52,149,1,Yes
344,2018-12-10,31.8,73,683,0,No
345,2018-12-11,24.7,64,133,1,Yes
346,2018-12-12,25.8,57,1088,1,Yes
347,2018-12-13,20.6,50,74,1,Yes
348,2018-12-14,22.0,63,507,0,No
349,2018-12-15,23.5,74,1057,1,Yes
350,2018-12-16,32.5,93,522,0,No
351,2018-12-17,20.0,91,448,1,Yes
352,2018-12-18,28.1,87,272,0,No
353,2018-12-19,26.9,58,803,0,No
354,2018-12-20,29.8,65,827,0,No
355,2018-12-21,28.1,60,458,0,No
356,2018-12-22,29.7,78,243,0,No
357,2018-12-23,34.5,73,132,1,Yes
358,2018-12-24,23.6,92,1002,0,No
359,2018-12-25,28.4,85,815,1,Yes
360,2018-12-26,31.2,76,1461,0,No
361,2018-12-27,30.5,74,1405,0,No
362,2018-12-28,28.2,74,649,0,No
363,2018-12-29,33.0,96,374,0,No
364,2018-12-30,23.1,99,548,1,Yes
365,2018-12-31,34.8,66,575,1,Yes
366,2019-01-01,23.9,50,377,1,Yes
367,2019-01-02,34.0,60,330,1,Yes
368,2019-01-03,23.6,60,64,1,Yes
369,2019-01-04,21.1,89,313,1,Yes
370,2019-01-05,20.1,86,647,1,Yes
371,2019-01-06,26.4,96,336,0,No
372,2019-01-07,29.8,70,139,0,No
373,2019-01-08,23.0,94,230,0,No
374,2019-01-09,31.1,70,1198,0,No
375,2019-01-10,30.2,75,933,0,No
376,2019-01-11,21.9,88,713,1,Yes
377,2019-01-12,25.2,95,1255,0,No
378,2019-01-13,27.1,87,115,1,Yes
379,2019-01-14,21.9,60,473,0,No
380,2019-01-15,33.6,52,608,0,No
381,2019-01-16,22.7,64,973,1,Yes
382,2019-01-17,20.3,96,519,0,No
383,2019-01-18,22.4,61,665,0,No
384,2019-01-19,27.3,80,1500,0,No
385,2019-01-20,24.6,69,944,0,No
386,2019-01-21,32.9,89,1456,1,Yes
387,2019-01-22,28.6,81,319,0,No
388,2019-01-23,21.4,51,996,0,No
389,2019-01-24,34.3,78,732,0,No
390,2019-01-25,29.6,83,1163,0,No
391,2019-01-26,33.4,56,833,1,Yes
392,2019-01-27,33.4,52,583,0,No
393,2019-01-28,24.6,76,498,0,No
394,2019-01-29,26.6,87,1010,0,No
395,2019-01-30,30.9,61,1181,0,No
396,2019-01-31,30.2,76,1186,1,Yes
397,2019-02-01,32.0,86,436,0,No
398,2019-02-02,31.1,84,95,1,Yes
399,2019-02-03,28.4,60,486,0,No
400,2019-02-04,31.8,65,937,1,Yes
401,2019-02-05,22.9,79,1012,0,No
402,2019-02-06,26.5,59,1241,0,No
403,2019-02-07,28.6,70,1011,1,Yes
404,2019-02-08,24.4,66,780,0,No
405,2019-02-09,32.3,68,85,1,Yes
406,2019-02-10,21.9,94,317,1,Yes
407,2019-02-11,31.8,75,958,0,No
408,2019-02-12,26.0,98,1289,1,Yes
409,2019-02-13,33.7,90,450,0,No
410,2019-02-14,25.3,78,1271,0,No
411,2019-02-15,32.5,85,729,0,No
412,2019-02-16,21.0,69,674,0,No
413,2019-02-17,25.2,53,1402,0,No
414,2019-02-18,34.6,99,1170,1,Yes
415,2019-02-19,34.5,77,1496,0,No
416,2019-02-20,34.1,77,821,0,No
417,2019-02-21,34.2,94,1262,0,No
418,2019-02-22,32.1,87,548,0,No
419,2019-02-23,32.2,76,253,0,No
420,2019-02-24,33.8,89,1461,0,No
421,2019-02-25,30.6,82,1379,0,No
422,2019-02-26,32.3,63,365,0,No
423,2019-02-27,25.6,92,251,1,Yes
424,2019-02-28,34.8,67,400,0,No
425,2019-03-01,32.1,81,1438,0,No
426,2019-03-02,33.6,62,560,0,No
427,2019-03-03,32.4,93,930,0,No
428,2019-03-04,24.4,63,596,0,No
429,2019-03-05,23.8,98,1274,0,No
430,2019-03-06,23.7,71,1219,1,Yes
431,2019-03-07,28.6,69,925,1,Yes
432,2019-03-08,30.6,100,157,0,No
433,2019-03-09,34.2,59,997,0,No
434,2019-03-10,29.0,100,392,0,No
435,2019-03-11,27.6,81,1261,0,No
436,2019-03-12,26.6,86,1421,0,No
437,2019-03-13,33.7,52,316,1,Yes
438,2019-03-14,21.4,51,440,0,No
439,2019-03-15,31.7,59,415,0,No
440,2019-03-16,22.0,85,511,0,No
441,2019-03-17,26.8,76,254,0,No
442,2019-03-18,23.5,78,689,1,Yes
443,2019-03-19,32.1,66,495,0,No
444,2019-03-20,30.2,89,1307,0,No
445,2019-03-21,25.2,60,184,0,No
446,2019-03-22,24.8,81,606,0,No
447,2019-03-23,30.6,50,599,0,No
448,2019-03-24,23.9,54,1207,0,No
449,2019-03-25,32.4,64,480,0,No
450,2019-03-26,21.1,61,766,1,Yes
451,2019-03-27,28.9,99,96,1,Yes
452,2019-03-28,29.2,72,929,0,No
453,2019-03-29,24.5,55,495,0,No
454,2019-03-30,33.4,99,259,1,Yes
455,2019-03-31,32.8,75,777,0,No
456,2019-04-01,22.6,50,1171,0,No
457,2019-04-02,20.7,51,1363,0,No
458,2019-04-03,28.5,96,319,0,No
459,2019-04-04,24.0,96,335,0,No
460,2019-04-05,26.4,50,394,1,Yes
461,2019-04-06,26.5,56,1485,1,Yes
462,2019-04-07,28.4,58,882,1,Yes
463,2019-04-08,26.5,69,685,0,No
464,2019-04-09,30.3,60,201,1,Yes
465,2019-04-10,30.5,59,1216,0,No
466,2019-04-11,32.2,82,801,1,Yes
467,2019-04-12,21.4,54,1290,1,Yes
468,2019-04-13,22.8,72,434,0,No
469,2019-04-14,30.7,87,1181,1,Yes
470,2019-04-15,29.8,84,934,1,Yes
471,2019-04-16,28.4,76,608,0,No
472,2019-04-17,30.5,85,627,1,Yes
473,2019-04-18,24.2,53,1341,0,No
474,2019-04-19,22.9,69,175,0,No
475,2019-04-20,33.8,75,712,1,Yes
476,2019-04-21,24.8,60,937,0,No
477,2019-04-22,27.4,61,264,1,Yes
478,2019-04-23,27.9,68,1347,0,No
479,2019-04-24,21.9,69,603,1,Yes
480,2019-04-25,31.4,75,1013,1,Yes
481,2019-04-26,28.8,68,692,0,No
482,2019-04-27,32.7,100,1451,0,No
483,2019-04-28,27.2,66,883,0,No
484,2019-04-29,30.7,61,1302,0,No
485,2019-04-30,22.7,96,1364,1,Yes
486,2019-05-01,30.5,53,711,0,No
487,2019-05-02,27.4,86,897,0,No
488,2019-05-03,31.3,76,366,0,No
489,2019-05-04,20.0,80,1248,0,No
490,2019-05-05,34.9,64,743,1,Yes
491,2019-05-06,21.7,66,679,0,No
492,2019-05-07,21.2,87,609,0,No
493,2019-05-08,20.8,62,211,0,No
494,2019-05-09,20.8,87,692,0,No
495,2019-05-10,25.0,87,52,1,Yes
496,2019-05-11,21.2,61,286,0,No
497,2019-05-12,28.6,64,492,1,Yes
498,2019-05-13,21.1,73,1226,0,No
499,2019-05-14,20.9,90,1464,0,No
500,2019-05-15,27.4,85,996,0,No
501,2019-05-16,20.2,69,598,0,No
502,2019-05-17,22.4,92,686,1,Yes
503,2019-05-18,24.7,63,126,0,No
504,2019-05-19,21.4,70,261,0,No
505,2019-05-20,32.1,94,413,1,Yes
506,2019-05-21,24.9,97,651,0,No
507,2019-05-22,25.8,63,83,1,Yes
508,2019-05-23,33.3,95,895,0,No
509,2019-05-24,24.8,92,330,0,No
510,2019-05-25,26.6,68,699,1,Yes
511,2019-05-26,22.4,68,1106,0,No
512,2019-05-27,34.7,64,355,0,No
513,2019-05-28,21.1,66,236,0,No
514,2019-05-29,22.7,52,976,0,No
515,2019-05-30,25.5,90,1287,0,No
516,2019-05-31,21.8,60,798,0,No
517,2019-06-01,21.6,88,1401,1,Yes
518,2019-06-02,32.2,59,1249,0,No
519,2019-06-03,28.3,55,657,0,No
520,2019-06-04,23.1,58,814,0,No
521,2019-06-05,32.1,94,671,0,No
522,2019-06-06,34.3,71,1227,0,No
523,2019-06-07,24.9,96,1086,1,Yes
524,2019-06-08,21.6,98,312,0,No
525,2019-06-09,25.8,55,54,0,No
526,2019-06-10,20.5,84,358,1,Yes
527,2019-06-11,31.3,75,879,0,No
528,2019-06-12,30.7,99,1011,1,Yes
529,2019-06-13,20.5,64,404,0,No
530,2019-06-14,32.6,85,368,0,No
531,2019-06-15,30.7,78,1171,0,No
532,2019-06-16,22.5,65,1478,0,No
533,2019-06-17,30.2,80,1230,0,No
534,2019-06-18,28.6,58,1292,0,No
535,2019-06-19,21.6,72,324,0,No
536,2019-06-20,26.1,53,718,1,Yes
537,2019-06-21,34.3,62,354,0,No
538,2019-06-22,30.4,80,695,0,No
539,2019-06-23,33.4,91,244,0,No
540,2019-06-24,28.2,87,1008,0,No
541,2019-06-25,34.3,68,1442,0,No
542,2019-06-26,29.7,70,1162,1,Yes
543,2019-06-27,22.9,50,460,1,Yes
544,2019-06-28,24.1,53,661,1,Yes
545,2019-06-29,33.8,50,1194,0,No
546,2019-06-30,30.3,83,1207,0,No
547,2019-07-01,24.9,69,639,1,Yes
548,2019-07-02,30.8,83,203,1,Yes
549,2019-07-03,21.9,65,320,0,No
550,2019-07-04,31.9,96,221,1,Yes
551,2019-07-05,26.2,62,185,1,Yes
552,2019-07-06,29.3,86,1368,0,No
553,2019-07-07,27.4,78,641,0,No
554,2019-07-08,33.5,84,366,0,No
555,2019-07-09,26.9,59,1337,0,No
556,2019-07-10,29.4,69,618,0,No
557,2019-07-11,25.5,75,1061,0,No
558,2019-07-12,32.1,51,380,0,No
559,2019-07-13,29.6,90,715,0,No
560,2019-07-14,24.6,55,529,0,No
561,2019-07-15,34.5,94,837,1,Yes
562,2019-07-16,34.1,61,1393,0,No
563,2019-07-17,22.7,62,912,0,No
564,2019-07-18,25.7,77,1020,0,No
565,2019-07-19,32.0,55,299,1,Yes
566,2019-07-20,25.1,53,628,0,No
567,2019-07-21,22.0,96,1123,0,No
568,2019-07-22,34.0,81,326,1,Yes
569,2019-07-23,28.9,82,551,0,No
570,2019-07-24,23.6,91,451,0,No
571,2019-07-25,33.0,83,420,0,No
572,2019-07-26,23.8,52,1285,1,Yes
573,2019-07-27,24.4,56,701,0,No
574,2019-07-28,29.9,62,984,0,No
575,2019-07-29,20.4,59,762,1,Yes
576,2019-07-30,29.8,93,124,0,No
577,2019-07-31,27.1,68,635,0,No
578,2019-08-01,22.2,72,287,1,Yes
579,2019-08-02,25.5,60,653,0,No
580,2019-08-03,21.2,93,1144,1,Yes
581,2019-08-04,29.3,57,506,0,No
582,2019-08-05,31.7,78,1274,0,No
583,2019-08-06,29.5,50,1382,1,Yes
584,2019-08-07,26.7,82,598,0,No
585,2019-08-08,33.3,53,616,1,Yes
586,2019-08-09,21.9,50,980,1,Yes
587,2019-08-10,22.2,96,702,1,Yes
588,2019-08-11,27.3,92,930,0,No
589,2019-08-12,32.8,56,878,0,No
590,2019-08-13,23.2,71,110,0,No
591,2019-08-14,30.7,85,660,1,Yes
592,2019-08-15,24.2,96,825,0,No
593,2019-08-16,25.7,91,1238,0,No
594,2019-08-17,25.5,76,600,1,Yes
595,2019-08-18,30.3,93,665,0,No
596,2019-08-19,23.8,96,1300,0,No
597,2019-08-20,23.0,56,1052,0,No
598,2019-08-21,22.8,53,1473,0,No
599,2019-08-22,20.6,57,603,0,No
600,2019-08-23,28.1,93,1300,0,No
601,2019-08-24,23.0,88,1157,0,No
602,2019-08-25,31.9,88,659,0,No
603,2019-08-26,32.2,65,491,0,No
604,2019-08-27,20.6,54,134,1,Yes
605,2019-08-28,34.6,58,640,0,No
606,2019-08-29,25.1,97,142,0,No
607,2019-08-30,29.7,83,1382,0,No
608,2019-08-31,33.7,99,778,0,No
609,2019-09-01,21.8,68,55,0,No
610,2019-09-02,31.4,74,134,0,No
611,2019-09-03,26.2,75,623,1,Yes
612,2019-09-04,22.5,64,371,0,No
613,2019-09-05,27.4,66,523,0,No
614,2019-09-06,28.7,97,489,0,No
615,2019-09-07,32.3,53,366,1,Yes
616,2019-09-08,34.7,75,788,1,Yes
617,2019-09-09,33.1,89,824,0,No
618,2019-09-10,29.5,74,50,0,No
619,2019-09-11,28.6,60,526,0,No
620,2019-09-12,26.1,87,1478,0,No
621,2019-09-13,23.6,74,204,0,No
622,2019-09-14,34.5,69,849,0,No
623,2019-09-15,21.9,65,92,0,No
624,2019-09-16,25.5,53,1072,1,Yes
625,2019-09-17,25.8,80,207,0,No
626,2019-09-18,32.2,52,1107,0,No
627,2019-09-19,27.5,83,1008,0,No
628,2019-09-20,30.3,62,649,0,No
629,2019-09-21,28.4,89,790,1,Yes
630,2019-09-22,34.3,98,1424,1,Yes
631,2019-09-23,24.0,95,849,0,No
632,2019-09-24,21.2,100,432,0,No
633,2019-09-25,31.9,91,1077,0,No
634,2019-09-26,22.3,63,856,0,No
635,2019-09-27,25.9,89,835,1,Yes
636,2019-09-28,22.9,61,1444,0,No
637,2019-09-29,24.7,64,829,0,No
638,2019-09-30,26.0,56,808,0,No
639,2019-10-01,27.6,99,1282,1,Yes
640,2019-10-02,26.3,74,1111,1,Yes
641,2019-10-03,33.8,57,516,1,Yes
642,2019-10-04,32.4,89,1177,1,Yes
643,2019-10-05,25.9,73,1114,0,No
644,2019-10-06,28.5,69,1266,0,No
645,2019-10-07,27.2,51,318,0,No
646,2019-10-08,22.5,90,81,0,No
647,2019-10-09,26.9,98,355,0,No
648,2019-10-10,29.5,70,384,0,No
649,2019-10-11,32.3,76,1088,0,No
650,2019-10-12,29.9,97,336,0,No
651,2019-10-13,27.8,65,230,0,No
652,2019-10-14,25.0,78,905,0,No
653,2019-10-15,24.3,52,186,0,No
654,2019-10-16,24.6,99,157,0,No
655,2019-10-17,31.1,50,1120,0,No
656,2019-10-18,33.6,66,721,1,Yes
657,2019-10-19,21.6,52,1002,1,Yes
658,2019-10-20,30.8,68,1118,0,No
659,2019-10-21,21.1,76,1338,1,Yes
660,2019-10-22,33.3,88,1341,0,No
661,2019-10-23,25.7,82,1238,0,No
662,2019-10-24,28.9,88,1057,0,No
663,2019-10-25,30.0,94,889,0,No
664,2019-10-26,30.1,97,380,1,Yes
665,2019-10-27,30.8,71,948,0,No
666,2019-10-28,33.4,59,756,1,Yes
667,2019-10-29,22.2,95,1019,1,Yes
668,2019-10-30,29.3,53,642,0,No
669,2019-10-31,28.4,85,1052,0,No
670,2019-11-01,32.7,66,959,1,Yes
671,2019-11-02,26.5,55,503,0,No
672,2019-11-03,21.3,86,869,1,Yes
673,2019-11-04,33.6,64,686,0,No
674,2019-11-05,20.9,75,527,0,No
675,2019-11-06,30.3,71,1390,0,No
676,2019-11-07,21.4,60,256,0,No
677,2019-11-08,24.1,83,462,1,Yes
678,2019-11-09,28.9,74,1208,0,No
679,2019-11-10,26.8,92,332,0,No
680,2019-11-11,33.4,87,1072,0,No
681,2019-11-12,28.2,64,182,0,No
682,2019-11-13,20.2,91,1076,0,No
683,2019-11-14,26.8,68,62,0,No
684,2019-11-15,30.8,87,426,0,No
685,2019-11-16,31.3,92,1211,0,No
686,2019-11-17,34.7,61,526,1,Yes
687,2019-11-18,33.1,83,658,0,No
688,2019-11-19,22.4,60,69,0,No
689,2019-11-20,27.7,66,1189,0,No
690,2019-11-21,28.5,99,1433,0,No
691,2019-11-22,31.2,85,911,0,No
692,2019-11-23,31.0,90,868,1,Yes
693,2019-11-24,20.3,63,1095,1,Yes
694,2019-11-25,32.9,80,368,1,Yes
695,2019-11-26,21.2,61,360,0,No
696,2019-11-27,31.6,96,441,0,No
697,2019-11-28,23.1,57,820,0,No
698,2019-11-29,26.1,78,704,0,No
699,2019-11-30,33.0,71,1477,0,No
700,2019-12-01,26.8,75,1202,0,No
701,2019-12-02,21.8,70,697,0,No
702,2019-12-03,20.1,87,817,0,No
703,2019-12-04,34.5,66,433,0,No
704,2019-12-05,30.7,66,1214,0,No
705,2019-12-06,27.3,89,690,0,No
706,2019-12-07,25.5,52,337,0,No
707,2019-12-08,28.3,54,1217,0,No
708,2019-12-09,33.9,71,340,0,No
709,2019-12-10,23.0,56,346,0,No
710,2019-12-11,30.0,89,453,1,Yes
711,2019-12-12,25.7,55,378,0,No
712,2019-12-13,24.9,68,784,0,No
713,2019-12-14,23.5,74,430,0,No
714,2019-12-15,31.9,86,1278,0,No
715,2019-12-16,27.9,86,792,0,No
716,2019-12-17,25.0,68,1412,1,Yes
717,2019-12-18,20.9,67,364,0,No
718,2019-12-19,20.7,71,726,1,Yes
719,2019-12-20,30.5,61,769,0,No
720,2019-12-21,25.3,76,1238,1,Yes
721,2019-12-22,30.3,70,691,0,No
722,2019-12-23,29.8,67,603,1,Yes
723,2019-12-24,29.8,59,1248,0,No
724,2019-12-25,31.0,99,316,0,No
725,2019-12-26,21.3,86,684,1,Yes
726,2019-12-27,20.1,81,1388,1,Yes
727,2019-12-28,24.4,61,1449,1,Yes
728,2019-12-29,33.3,52,1472,0,No
729,2019-12-30,26.5,74,759,1,Yes
730,2019-12-31,21.7,76,1345,0,No
731,2020-01-01,30.2,83,1026,0,No
732,2020-01-02,34.6,91,1426,0,No
733,2020-01-03,28.2,55,1465,0,No
734,2020-01-04,26.8,54,994,0,No
735,2020-01-05,28.1,59,112,0,No
736,2020-01-06,21.6,62,1117,1,Yes
737,2020-01-07,28.8,61,579,0,No
738,2020-01-08,28.4,61,1008,0,No
739,2020-01-09,29.7,81,731,0,No
740,2020-01-10,20.4,100,216,0,No
741,2020-01-11,26.4,82,1260,0,No
742,2020-01-12,33.5,87,796,1,Yes
743,2020-01-13,27.3,58,614,0,No
744,2020-01-14,30.0,99,1157,0,No
745,2020-01-15,33.7,56,396,0,No
746,2020-01-16,28.5,96,1174,0,No
747,2020-01-17,24.4,79,588,1,Yes
748,2020-01-18,27.7,85,1464,1,Yes
749,2020-01-19,30.9,91,916,1,Yes
750,2020-01-20,32.8,67,554,0,No
751,2020-01-21,26.7,65,472,1,Yes
752,2020-01-22,24.1,69,246,0,No
753,2020-01-23,25.3,61,1283,1,Yes
754,2020-01-24,25.2,94,1346,1,Yes
755,2020-01-25,27.4,54,276,0,No
756,2020-01-26,20.0,54,457,0,No
757,2020-01-27,20.1,85,330,0,No
758,2020-01-28,24.7,89,634,0,No
759,2020-01-29,24.8,89,964,1,Yes
760,2020-01-30,32.6,82,1328,0,No
761,2020-01-31,33.5,50,974,0,No
762,2020-02-01,25.6,58,672,0,No
763,2020-02-02,21.2,84,1001,0,No
764,2020-02-03,27.8,94,323,0,No
765,2020-02-04,23.6,56,725,0,No
766,2020-02-05,20.6,55,1266,0,No
767,2020-02-06,28.3,90,1442,1,Yes
768,2020-02-07,34.6,84,885,0,No
769,2020-02-08,22.8,88,1335,0,No
770,2020-02-09,34.8,67,478,0,No
771,2020-02-10,27.0,85,1207,1,Yes
772,2020-02-11,30.1,76,887,0,No
773,2020-02-12,21.3,53,1052,0,No
774,2020-02-13,22.1,68,1174,0,No
775,2020-02-14,24.6,55,286,0,No
776,2020-02-15,25.5,51,1376,0,No
777,2020-02-16,24.3,58,610,0,No
778,2020-02-17,24.9,62,931,0,No
779,2020-02-18,26.5,84,627,0,No
780,2020-02-19,20.6,91,361,0,No
781,2020-02-20,30.7,79,122,0,No
782,2020-02-21,32.6,94,1046,0,No
783,2020-02-22,32.6,58,228,0,No
784,2020-02-23,30.2,54,480,0,No
785,2020-02-24,25.2,53,436,0,No
786,2020-02-25,29.3,55,55,0,No
787,2020-02-26,30.3,73,662,1,Yes
788,2020-02-27,20.6,94,1287,0,No
789,2020-02-28,31.3,63,805,0,No
790,2020-02-29,24.1,63,467,0,No
791,2020-03-01,26.9,82,1122,0,No
792,2020-03-02,29.5,88,97,1,Yes
793,2020-03-03,23.2,87,706,1,Yes
794,2020-03-04,23.0,90,1127,0,No
795,2020-03-05,25.3,86,1417,1,Yes
796,2020-03-06,29.1,55,1488,0,No
797,2020-03-07,22.5,64,1228,0,No
798,2020-03-08,33.6,65,1432,0,No
799,2020-03-09,32.0,77,1131,0,No
800,2020-03-10,33.1,50,1136,0,No
801,2020-03-11,31.3,89,744,0,No
802,2020-03-12,34.3,83,239,1,Yes
803,2020-03-13,28.8,70,808,0,No
804,2020-03-14,20.3,81,148,0,No
805,2020-03-15,30.9,54,411,0,No
806,2020-03-16,25.5,99,1490,0,No
807,2020-03-17,23.0,68,355,0,No
808,2020-03-18,22.2,65,447,0,No
809,2020-03-19,24.5,54,341,0,No
810,2020-03-20,23.6,69,1412,0,No
811,2020-03-21,23.8,54,797,1,Yes
812,2020-03-22,32.6,98,1368,0,No
813,2020-03-23,25.0,53,1168,0,No
814,2020-03-24,29.1,67,861,0,No
815,2020-03-25,34.4,91,79,0,No
816,2020-03-26,31.5,59,1351,1,Yes
817,2020-03-27,27.7,89,399,0,No
818,2020-03-28,31.8,60,795,0,No
819,2020-03-29,22.7,67,118,1,Yes
820,2020-03-30,33.6,80,1291,0,No
821,2020-03-31,28.8,66,1406,0,No
822,2020-04-01,32.7,82,242,1,Yes
823,2020-04-02,27.1,52,403,0,No
824,2020-04-03,34.7,57,887,0,No
825,2020-04-04,29.0,61,337,0,No
826,2020-04-05,24.1,77,871,0,No
827,2020-04-06,31.2,61,273,0,No
828,2020-04-07,21.6,56,242,0,No
829,2020-04-08,23.7,87,705,0,No
830,2020-04-09,30.6,63,808,0,No
831,2020-04-10,29.0,53,1458,1,Yes
832,2020-04-11,25.1,70,1338,0,No
833,2020-04-12,23.2,57,889,1,Yes
834,2020-04-13,30.2,86,65,0,No
835,2020-04-14,30.4,86,448,0,No
836,2020-04-15,31.4,78,173,0,No
837,2020-04-16,27.6,81,603,0,No
838,2020-04-17,24.3,54,831,1,Yes
839,2020-04-18,22.3,58,751,1,Yes
840,2020-04-19,26.7,92,706,0,No
841,2020-04-20,32.4,93,501,0,No
842,2020-04-21,21.4,53,745,0,No
843,2020-04-22,20.8,82,658,0,No
844,2020-04-23,21.1,96,244,0,No
845,2020-04-24,31.6,53,526,1,Yes
846,2020-04-25,23.7,84,950,0,No
847,2020-04-26,31.7,75,1202,0,No
848,2020-04-27,22.3,53,699,0,No
849,2020-04-28,34.6,79,647,0,No
850,2020-04-29,31.0,52,495,0,No
851,2020-04-30,21.3,70,230,0,No
852,2020-05-01,28.0,96,874,0,No
853,2020-05-02,30.3,95,1062,1,Yes
854,2020-05-03,34.8,78,1210,0,No
855,2020-05-04,21.2,80,354,0,No
856,2020-05-05,29.8,57,368,0,No
857,2020-05-06,34.8,91,181,1,Yes
858,2020-05-07,21.8,83,531,0,No
859,2020-05-08,23.2,89,1316,0,No
860,2020-05-09,30.5,75,366,0,No
861,2020-05-10,30.6,65,554,0,No
862,2020-05-11,31.7,78,1241,0,No
863,2020-05-12,24.7,88,871,1,Yes
864,2020-05-13,25.4,97,1126,0,No
865,2020-05-14,32.6,64,1154,0,No
866,2020-05-15,30.0,58,737,0,No
867,2020-05-16,26.3,94,934,0,No
868,2020-05-17,32.4,50,1414,0,No
869,2020-05-18,22.5,74,831,1,Yes
870,2020-05-19,30.3,61,602,1,Yes
871,2020-05-20,32.1,89,1443,0,No
872,2020-05-21,32.1,67,362,0,No
873,2020-05-22,23.1,90,1120,1,Yes
874,2020-05-23,26.0,66,767,0,No
875,2020-05-24,34.2,96,748,0,No
876,2020-05-25,28.2,75,740,0,No
877,2020-05-26,24.1,58,1115,1,Yes
878,2020-05-27,33.6,86,1014,0,No
879,2020-05-28,24.5,66,592,0,No
880,2020-05-29,24.7,95,1238,1,Yes
881,2020-05-30,26.7,91,1328,0,No
882,2020-05-31,34.4,78,551,0,No
883,2020-06-01,30.9,70,1098,0,No
884,2020-06-02,33.8,77,1463,1,Yes
885,2020-06-03,34.6,62,1038,0,No
886,2020-06-04,24.2,58,1235,1,Yes
887,2020-06-05,33.2,56,371,0,No
888,2020-06-06,31.2,65,1287,0,No
889,2020-06-07,29.7,93,520,0,No
890,2020-06-08,24.5,95,427,0,No
891,2020-06-09,29.0,84,1404,1,Yes
892,2020-06-10,24.2,81,1148,0,No
893,2020-06-11,29.6,52,632,0,No
894,2020-06-12,26.5,91,908,0,No
895,2020-06-13,21.7,85,913,1,Yes
896,2020-06-14,29.4,84,486,0,No
897,2020-06-15,26.2,85,367,1,Yes
898,2020-06-16,23.3,88,1373,1,Yes
899,2020-06-17,31.3,98,1071,0,No
900,2020-06-18,32.9,88,626,0,No
901,2020-06-19,33.2,78,929,0,No
902,2020-06-20,22.0,64,1449,0,No
903,2020-06-21,22.0,76,167,0,No
904,2020-06-22,33.5,93,227,0,No
905,2020-06-23,22.3,63,1106,0,No
906,2020-06-24,33.2,95,1442,0,No
907,2020-06-25,22.8,62,144,0,No
908,2020-06-26,25.2,66,395,0,No
909,2020-06-27,21.7,100,1077,0,No
910,2020-06-28,24.0,91,307,0,No
911,2020-06-29,31.9,65,329,0,No
912,2020-06-30,28.7,84,1336,0,No
913,2020-07-01,28.7,92,348,0,No
914,2020-07-02,24.7,88,1101,1,Yes
915,2020-07-03,30.4,53,939,0,No
916,2020-07-04,32.1,66,1088,0,No
917,2020-07-05,30.2,98,1140,0,No
918,2020-07-06,25.6,80,478,0,No
919,2020-07-07,22.8,59,974,1,Yes
920,2020-07-08,31.8,73,1072,1,Yes
921,2020-07-09,33.7,51,570,0,No
922,2020-07-10,21.3,97,1141,0,No
923,2020-07-11,30.2,83,283,0,No
924,2020-07-12,25.1,79,213,1,Yes
925,2020-07-13,26.1,71,1378,0,No
926,2020-07-14,27.0,55,331,0,No
927,2020-07-15,25.4,100,377,0,No
928,2020-07-16,27.9,98,1410,0,No
929,2020-07-17,24.4,72,191,1,Yes
930,2020-07-18,23.6,82,619,0,No
931,2020-07-19,23.9,50,514,1,Yes
932,2020-07-20,26.2,57,1178,0,No
933,2020-07-21,26.3,59,1135,0,No
934,2020-07-22,26.1,90,1147,0,No
935,2020-07-23,32.3,57,309,0,No
936,2020-07-24,34.9,96,185,1,Yes
937,2020-07-25,30.4,99,323,1,Yes
938,2020-07-26,24.2,58,1384,1,Yes
939,2020-07-27,30.8,70,309,0,No
940,2020-07-28,31.9,97,750,1,Yes
941,2020-07-29,33.3,66,1379,0,No
942,2020-07-30,28.9,84,147,0,No
943,2020-07-31,23.3,77,1321,0,No
944,2020-08-01,20.8,73,485,1,Yes
945,2020-08-02,28.7,85,1017,0,No
946,2020-08-03,20.0,88,500,0,No
947,2020-08-04,23.2,50,493,0,No
948,2020-08-05,32.5,75,1072,0,No
949,2020-08-06,21.7,78,1212,0,No
950,2020-08-07,23.7,52,1092,0,No
951,2020-08-08,34.8,64,1499,0,No
952,2020-08-09,25.2,71,52,0,No
953,2020-08-10,32.0,63,517,0,No
954,2020-08-11,21.9,60,321,0,No
955,2020-08-12,26.5,91,1170,0,No
956,2020-08-13,28.2,96,693,1,Yes
957,2020-08-14,30.8,55,627,0,No
958,2020-08-15,29.2,72,728,1,Yes
959,2020-08-16,21.8,70,1478,1,Yes
960,2020-08-17,27.4,76,288,1,Yes
961,2020-08-18,26.1,99,1436,0,No
962,2020-08-19,22.7,50,360,0,No
963,2020-08-20,32.9,87,1415,1,Yes
964,2020-08-21,27.5,86,1475,1,Yes
965,2020-08-22,31.2,99,1244,0,No
966,2020-08-23,29.8,53,691,1,Yes
967,2020-08-24,21.6,99,637,0,No
968,2020-08-25,20.4,93,1271,0,No
969,2020-08-26,32.3,81,1305,0,No
970,2020-08-27,21.5,62,951,0,No
971,2020-08-28,33.2,67,348,0,No
972,2020-08-29,25.2,86,1216,0,No
973,2020-08-30,32.3,80,394,0,No
974,2020-08-31,23.7,56,687,0,No
975,2020-09-01,34.9,54,66,0,No
976,2020-09-02,33.6,86,557,0,No
977,2020-09-03,25.9,52,590,1,Yes
978,2020-09-04,22.5,66,440,0,No
979,2020-09-05,33.2,69,73,0,No
980,2020-09-06,22.2,79,705,1,Yes
981,2020-09-07,29.7,97,1075,0,No
982,2020-09-08,28.3,100,743,1,Yes
983,2020-09-09,24.3,86,199,0,No
984,2020-09-10,28.3,100,438,0,No
985,2020-09-11,31.7,62,1117,0,No
986,2020-09-12,24.4,93,1091,0,No
987,2020-09-13,32.1,54,314,1,Yes
988,2020-09-14,25.3,56,581,0,No
989,2020-09-15,22.8,70,1304,0,No
990,2020-09-16,26.6,60,115,0,No
991,2020-09-17,25.4,72,1431,0,No
992,2020-09-18,28.2,64,1356,1,Yes
993,2020-09-19,23.7,71,1333,1,Yes
994,2020-09-20,27.7,81,235,1,Yes
995,2020-09-21,21.5,59,1208,0,No
996,2020-09-22,22.6,81,312,0,No
997,2020-09-23,20.4,76,785,1,Yes
998,2020-09-24,26.0,53,971,1,Yes
999,2020-09-25,23.0,52,761,1,Yes
1000,2020-09-26,34.3,91,750,0,No
1001,2020-09-27,21.1,87,1185,0,No
1002,2020-09-28,32.9,60,435,1,Yes
1003,2020-09-29,21.8,80,1497,0,No
1004,2020-09-30,25.0,71,996,0,No
1005,2020-10-01,30.6,53,1033,0,No
1006,2020-10-02,26.6,98,901,0,No
1007,2020-10-03,31.6,88,125,1,Yes
1008,2020-10-04,23.0,99,972,1,Yes
1009,2020-10-05,23.2,78,542,0,No
1010,2020-10-06,20.0,64,423,1,Yes
1011,2020-10-07,20.1,79,176,0,No
1012,2020-10-08,30.1,96,809,0,No
1013,2020-10-09,30.0,62,1346,0,No
1014,2020-10-10,26.8,80,1257,1,Yes
1015,2020-10-11,21.6,94,756,0,No
1016,2020-10-12,27.0,54,1349,1,Yes
1017,2020-10-13,33.1,87,367,0,No
1018,2020-10-14,27.6,84,194,0,No
1019,2020-10-15,30.5,96,608,1,Yes
1020,2020-10-16,34.0,87,274,0,No
1021,2020-10-17,21.6,73,117,1,Yes
1022,2020-10-18,20.6,84,966,1,Yes
1023,2020-10-19,32.0,77,1259,1,Yes
1024,2020-10-20,20.5,62,1014,0,No
1025,2020-10-21,33.1,96,86,0,No
1026,2020-10-22,34.6,89,675,0,No
1027,2020-10-23,30.4,63,963,0,No
1028,2020-10-24,24.9,67,1036,0,No
1029,2020-10-25,34.5,81,1111,0,No
1030,2020-10-26,26.0,57,1324,0,No
1031,2020-10-27,25.1,64,388,0,No
1032,2020-10-28,29.7,68,248,0,No
1033,2020-10-29,23.6,64,109,0,No
1034,2020-10-30,32.8,81,1187,0,No
1035,2020-10-31,20.0,77,1096,1,Yes
1036,2020-11-01,33.7,57,338,0,No
1037,2020-11-02,25.6,58,709,0,No
1038,2020-11-03,24.5,77,881,0,No
1039,2020-11-04,23.7,63,1289,0,No
1040,2020-11-05,21.8,58,218,0,No
1041,2020-11-06,26.9,69,789,0,No
1042,2020-11-07,30.9,52,1441,0,No
1043,2020-11-08,30.1,84,558,0,No
1044,2020-11-09,32.8,71,1077,1,Yes
1045,2020-11-10,32.1,56,1491,0,No
1046,2020-11-11,21.4,86,191,1,Yes
1047,2020-11-12,23.0,71,828,0,No
1048,2020-11-13,32.4,65,1114,0,No
1049,2020-11-14,23.0,96,1304,1,Yes
1050,2020-11-15,23.5,98,1443,0,No
1051,2020-11-16,24.9,71,877,0,No
1052,2020-11-17,27.7,94,1179,1,Yes
1053,2020-11-18,33.0,86,704,0,No
1054,2020-11-19,30.1,62,233,1,Yes
1055,2020-11-20,24.2,86,316,1,Yes
1056,2020-11-21,26.8,60,1123,1,Yes
1057,2020-11-22,23.2,80,1327,1,Yes
1058,2020-11-23,24.0,83,233,0,No
1059,2020-11-24,31.3,93,1458,1,Yes
1060,2020-11-25,24.5,79,597,0,No
1061,2020-11-26,27.5,96,866,0,No
1062,2020-11-27,33.3,98,1364,0,No
1063,2020-11-28,29.0,93,904,0,No
1064,2020-11-29,33.2,73,449,0,No
1065,2020-11-30,31.0,93,75,1,Yes
1066,2020-12-01,29.0,64,1152,1,Yes
1067,2020-12-02,24.0,77,768,0,No
1068,2020-12-03,30.8,90,1248,0,No
1069,2020-12-04,27.4,70,946,0,No
1070,2020-12-05,31.1,62,1121,1,Yes
1071,2020-12-06,34.2,59,1429,1,Yes
1072,2020-12-07,21.6,64,833,0,No
1073,2020-12-08,34.6,61,1166,0,No
1074,2020-12-09,25.3,82,270,0,No
1075,2020-12-10,24.8,77,1471,1,Yes
1076,2020-12-11,24.1,78,1294,0,No
1077,2020-12-12,27.5,96,306,1,Yes
1078,2020-12-13,32.9,78,826,0,No
1079,2020-12-14,31.0,95,1002,0,No
1080,2020-12-15,23.0,63,280,0,No
1081,2020-12-16,23.2,59,1469,0,No
1082,2020-12-17,23.7,61,1223,0,No
1083,2020-12-18,22.4,74,732,0,No
1084,2020-12-19,30.7,50,1485,0,No
1085,2020-12-20,22.5,55,636,0,No
1086,2020-12-21,31.5,100,1407,1,Yes
1087,2020-12-22,30.8,53,1268,0,No
1088,2020-12-23,23.6,56,189,0,No
1089,2020-12-24,33.2,73,852,0,No
1090,2020-12-25,32.2,81,1372,0,No
1091,2020-12-26,25.7,61,873,0,No
1092,2020-12-27,25.6,76,299,1,Yes
1093,2020-12-28,34.3,89,1114,0,No
1094,2020-12-29,31.1,63,499,0,No
1095,2020-12-30,28.3,89,828,0,No
1096,2020-12-31,31.0,71,1173,0,No
1097,2021-01-01,29.2,98,818,1,Yes
1098,2021-01-02,31.4,65,1409,0,No
1099,2021-01-03,34.3,84,947,0,No
1100,2021-01-04,28.4,100,1032,0,No
1101,2021-01-05,22.8,69,1443,0,No
1102,2021-01-06,21.6,71,284,0,No
1103,2021-01-07,26.6,65,598,1,Yes
1104,2021-01-08,28.5,50,397,0,No
1105,2021-01-09,30.2,95,1483,0,No
1106,2021-01-10,25.2,94,507,0,No
1107,2021-01-11,32.8,60,1484,0,No
1108,2021-01-12,21.0,75,1041,0,No
1109,2021-01-13,21.7,50,606,0,No
1110,2021-01-14,31.8,50,614,1,Yes
1111,2021-01-15,23.3,89,1488,1,Yes
1112,2021-01-16,31.6,83,1336,0,No
1113,2021-01-17,23.7,93,832,0,No
1114,2021-01-18,23.1,51,1383,0,No
1115,2021-01-19,32.3,88,302,0,No
1116,2021-01-20,21.2,60,384,0,No
1117,2021-01-21,25.4,68,140,0,No
1118,2021-01-22,20.0,60,1491,0,No
1119,2021-01-23,32.8,96,648,1,Yes
1120,2021-01-24,32.2,98,934,1,Yes
1121,2021-01-25,31.3,97,397,0,No
1122,2021-01-26,32.4,66,364,0,No
1123,2021-01-27,30.2,81,668,0,No
1124,2021-01-28,25.0,86,812,0,No
1125,2021-01-29,23.3,91,348,1,Yes
1126,2021-01-30,22.9,94,84,0,No
1127,2021-01-31,33.4,85,1465,1,Yes
1128,2021-02-01,27.7,66,1172,0,No
1129,2021-02-02,26.7,60,76,1,Yes
1130,2021-02-03,29.3,100,892,1,Yes
1131,2021-02-04,26.7,79,61,1,Yes
1132,2021-02-05,32.2,88,1031,0,No
1133,2021-02-06,28.9,82,736,0,No
1134,2021-02-07,21.8,57,1111,1,Yes
1135,2021-02-08,26.8,52,715,1,Yes
1136,2021-02-09,31.6,86,567,0,No
1137,2021-02-10,31.0,99,1489,0,No
1138,2021-02-11,30.8,81,776,0,No
1139,2021-02-12,27.3,95,1238,1,Yes
1140,2021-02-13,23.6,76,1452,0,No
1141,2021-02-14,33.9,55,855,0,No
1142,2021-02-15,20.4,84,1175,0,No
1143,2021-02-16,33.7,83,1286,0,No
1144,2021-02-17,20.5,95,987,0,No
1145,2021-02-18,26.8,70,295,0,No
1146,2021-02-19,34.0,61,1129,0,No
1147,2021-02-20,29.6,86,545,0,No
1148,2021-02-21,28.9,86,1252,0,No
1149,2021-02-22,27.6,70,1049,1,Yes
1150,2021-02-23,28.6,88,1190,0,No
1151,2021-02-24,20.9,100,1470,1,Yes
1152,2021-02-25,28.8,80,240,0,No
1153,2021-02-26,30.5,97,1441,0,No
1154,2021-02-27,23.5,73,374,0,No
1155,2021-02-28,25.1,75,253,0,No
1156,2021-03-01,24.3,98,1415,0,No
1157,2021-03-02,24.0,91,890,0,No
1158,2021-03-03,31.3,82,424,0,No
1159,2021-03-04,26.2,84,1235,1,Yes
1160,2021-03-05,24.2,91,314,1,Yes
1161,2021-03-06,21.3,59,893,0,No
1162,2021-03-07,28.8,78,534,0,No
1163,2021-03-08,31.2,76,520,0,No
1164,2021-03-09,22.6,98,1258,0,No
1165,2021-03-10,23.8,82,1240,0,No
1166,2021-03-11,20.8,58,269,0,No
1167,2021-03-12,30.4,99,677,1,Yes
1168,2021-03-13,22.4,84,628,0,No
1169,2021-03-14,25.6,50,1123,1,Yes
1170,2021-03-15,31.7,69,489,0,No
1171,2021-03-16,26.0,95,915,0,No
1172,2021-03-17,20.9,66,1376,1,Yes
1173,2021-03-18,31.6,65,1039,1,Yes
1174,2021-03-19,26.2,61,689,0,No
1175,2021-03-20,27.8,66,319,0,No
1176,2021-03-21,27.6,89,135,0,No
1177,2021-03-22,28.4,100,675,1,Yes
1178,2021-03-23,26.4,61,478,0,No
1179,2021-03-24,27.5,64,181,1,Yes
1180,2021-03-25,34.4,80,662,1,Yes
1181,2021-03-26,28.1,80,1462,0,No
1182,2021-03-27,24.8,100,1494,0,No
1183,2021-03-28,26.7,55,746,0,No
1184,2021-03-29,32.9,52,209,0,No
1185,2021-03-30,20.5,66,383,0,No
1186,2021-03-31,24.5,72,1349,0,No
1187,2021-04-01,29.0,82,1250,1,Yes
1188,2021-04-02,31.3,98,232,1,Yes
1189,2021-04-03,30.0,74,928,0,No
1190,2021-04-04,30.6,91,969,0,No
1191,2021-04-05,24.0,91,258,0,No
1192,2021-04-06,34.5,83,543,1,Yes
1193,2021-04-07,31.5,99,1063,1,Yes
1194,2021-04-08,32.2,83,403,1,Yes
1195,2021-04-09,22.9,51,443,1,Yes
1196,2021-04-10,29.1,76,629,1,Yes
1197,2021-04-11,32.8,98,129,0,No
1198,2021-04-12,25.5,72,1302,0,No
1199,2021-04-13,23.1,63,122,0,No
1200,2021-04-14,27.8,96,391,0,No
1201,2021-04-15,33.0,90,1370,0,No
1202,2021-04-16,22.2,50,816,1,Yes
1203,2021-04-17,25.9,71,1256,1,Yes
1204,2021-04-18,29.5,76,87,1,Yes
1205,2021-04-19,23.5,76,1220,0,No
1206,2021-04-20,29.5,80,1108,0,No
1207,2021-04-21,26.4,63,69,1,Yes
1208,2021-04-22,27.7,81,1175,0,No
1209,2021-04-23,33.1,89,700,0,No
1210,2021-04-24,22.8,94,1431,0,No
1211,2021-04-25,24.7,80,759,0,No
1212,2021-04-26,27.8,57,839,0,No
1213,2021-04-27,28.0,71,1129,0,No
1214,2021-04-28,27.0,57,938,0,No
1215,2021-04-29,28.8,66,251,0,No
1216,2021-04-30,31.0,84,1007,1,Yes
1217,2021-05-01,33.3,83,463,0,No
1218,2021-05-02,28.1,87,1393,0,No
1219,2021-05-03,24.0,75,1022,0,No
1220,2021-05-04,25.3,69,86,0,No
1221,2021-05-05,24.2,95,142,0,No
1222,2021-05-06,26.2,75,289,0,No
1223,2021-05-07,23.2,88,131,1,Yes
1224,2021-05-08,26.4,63,1496,1,Yes
1225,2021-05-09,25.5,62,471,1,Yes
1226,2021-05-10,27.8,98,56,1,Yes
1227,2021-05-11,27.7,89,769,0,No
1228,2021-05-12,29.3,87,854,0,No
1229,2021-05-13,33.0,71,118,0,No
1230,2021-05-14,33.3,68,88,0,No
1231,2021-05-15,23.7,67,741,0,No
1232,2021-05-16,22.6,81,590,0,No
1233,2021-05-17,23.1,69,1000,0,No
1234,2021-05-18,28.1,68,1115,0,No
1235,2021-05-19,21.4,73,595,0,No
1236,2021-05-20,24.6,83,1100,0,No
1237,2021-05-21,30.9,74,1095,0,No
1238,2021-05-22,21.3,70,538,0,No
1239,2021-05-23,33.6,63,938,0,No
1240,2021-05-24,33.4,75,1031,1,Yes
1241,2021-05-25,30.0,67,1413,0,No
1242,2021-05-26,20.2,90,1343,0,No
1243,2021-05-27,33.0,74,606,0,No
1244,2021-05-28,28.8,79,272,0,No
1245,2021-05-29,29.1,78,302,1,Yes
1246,2021-05-30,20.2,73,1473,0,No
1247,2021-05-31,21.1,74,675,1,Yes
1248,2021-06-01,33.7,58,1394,1,Yes
1249,2021-06-02,32.3,91,421,0,No
1250,2021-06-03,25.7,55,721,0,No
1251,2021-06-04,25.4,72,866,0,No
1252,2021-06-05,32.2,98,621,0,No
1253,2021-06-06,31.5,61,380,0,No
1254,2021-06-07,23.8,66,1003,1,Yes
1255,2021-06-08,25.0,91,301,1,Yes
1256,2021-06-09,26.9,50,1353,0,No
1257,2021-06-10,28.2,67,1114,1,Yes
1258,2021-06-11,31.9,86,267,0,No
1259,2021-06-12,30.7,51,500,0,No
1260,2021-06-13,28.3,88,1190,0,No
1261,2021-06-14,29.2,72,1003,1,Yes
1262,2021-06-15,31.7,78,373,0,No
1263,2021-06-16,32.0,97,1006,0,No
1264,2021-06-17,28.9,93,476,1,Yes
1265,2021-06-18,29.6,60,81,1,Yes
1266,2021-06-19,22.1,59,712,0,No
1267,2021-06-20,28.3,66,206,1,Yes
1268,2021-06-21,26.0,50,1191,1,Yes
1269,2021-06-22,21.5,54,1486,1,Yes
1270,2021-06-23,22.0,71,1486,0,No
1271,2021-06-24,33.2,61,554,0,No
1272,2021-06-25,20.7,54,1438,1,Yes
1273,2021-06-26,27.8,52,1031,0,No
1274,2021-06-27,24.9,93,1473,0,No
1275,2021-06-28,20.8,83,1227,0,No
1276,2021-06-29,34.0,79,139,1,Yes
1277,2021-06-30,25.3,63,785,0,No
1278,2021-07-01,28.2,57,1496,0,No
1279,2021-07-02,32.8,63,744,0,No
1280,2021-07-03,28.0,96,427,0,No
1281,2021-07-04,34.6,70,787,0,No
1282,2021-07-05,27.2,95,727,0,No
1283,2021-07-06,24.7,79,855,0,No
1284,2021-07-07,21.5,72,1486,0,No
1285,2021-07-08,29.3,63,733,0,No
1286,2021-07-09,29.5,87,160,0,No
1287,2021-07-10,31.1,99,1243,0,No
1288,2021-07-11,31.4,54,282,0,No
1289,2021-07-12,31.5,87,1458,0,No
1290,2021-07-13,30.2,100,1014,0,No
1291,2021-07-14,25.6,52,835,0,No
1292,2021-07-15,20.8,70,443,0,No
1293,2021-07-16,21.7,88,901,0,No
1294,2021-07-17,34.5,51,1047,0,No
1295,2021-07-18,22.7,88,1155,0,No
1296,2021-07-19,30.6,60,751,0,No
1297,2021-07-20,28.3,95,616,0,No
1298,2021-07-21,21.5,88,1494,1,Yes
1299,2021-07-22,32.0,82,993,1,Yes
1300,2021-07-23,23.2,94,326,1,Yes
1301,2021-07-24,21.6,100,1184,1,Yes
1302,2021-07-25,23.4,94,339,0,No
1303,2021-07-26,31.8,70,413,1,Yes
1304,2021-07-27,32.3,67,785,0,No
1305,2021-07-28,22.9,87,824,0,No
1306,2021-07-29,30.0,72,698,0,No
1307,2021-07-30,30.0,66,1189,0,No
1308,2021-07-31,28.7,79,414,0,No
1309,2021-08-01,34.9,75,631,1,Yes
1310,2021-08-02,35.0,97,534,1,Yes
1311,2021-08-03,33.8,85,646,0,No
1312,2021-08-04,23.4,70,1190,1,Yes
1313,2021-08-05,34.1,79,66,1,Yes
1314,2021-08-06,20.5,91,662,1,Yes
1315,2021-08-07,23.0,67,232,0,No
1316,2021-08-08,23.5,96,408,0,No
1317,2021-08-09,32.6,93,1394,0,No
1318,2021-08-10,32.5,96,1224,0,No
1319,2021-08-11,26.8,85,1237,0,No
1320,2021-08-12,23.7,92,1362,0,No
1321,2021-08-13,28.8,68,221,0,No
1322,2021-08-14,27.8,68,1040,0,No
1323,2021-08-15,24.1,82,117,0,No
1324,2021-08-16,20.8,59,408,0,No
1325,2021-08-17,23.8,56,92,0,No
1326,2021-08-18,22.1,59,1071,0,No
1327,2021-08-19,32.8,80,1469,0,No
1328,2021-08-20,28.3,89,1138,0,No
1329,2021-08-21,28.8,87,825,0,No
1330,2021-08-22,34.0,92,903,0,No
1331,2021-08-23,31.4,82,1008,0,No
1332,2021-08-24,22.4,61,676,0,No
1333,2021-08-25,29.2,95,1170,0,No
1334,2021-08-26,27.9,66,162,0,No
1335,2021-08-27,31.0,80,376,0,No
1336,2021-08-28,25.1,90,1274,0,No
1337,2021-08-29,21.7,84,1100,0,No
1338,2021-08-30,31.3,61,1346,0,No
1339,2021-08-31,34.9,74,1174,1,Yes
1340,2021-09-01,29.1,80,990,0,No
1341,2021-09-02,21.1,74,486,1,Yes
1342,2021-09-03,32.9,59,380,0,No
1343,2021-09-04,22.5,71,124,0,No
1344,2021-09-05,22.2,75,1474,1,Yes
1345,2021-09-06,27.5,76,174,0,No
1346,2021-09-07,21.6,95,563,0,No
1347,2021-09-08,25.4,54,146,0,No
1348,2021-09-09,30.4,95,176,1,Yes
1349,2021-09-10,34.9,80,407,0,No
1350,2021-09-11,33.5,94,306,0,No
1351,2021-09-12,32.3,64,472,1,Yes
1352,2021-09-13,33.9,53,1398,0,No
1353,2021-09-14,24.4,95,815,0,No
1354,2021-09-15,32.9,98,292,0,No
1355,2021-09-16,29.0,54,298,1,Yes
1356,2021-09-17,34.2,69,347,0,No
1357,2021-09-18,32.2,97,572,1,Yes
1358,2021-09-19,20.0,84,747,0,No
1359,2021-09-20,34.3,67,472,0,No
1360,2021-09-21,33.2,51,530,0,No
1361,2021-09-22,30.9,71,1453,0,No
1362,2021-09-23,31.4,80,292,0,No
1363,2021-09-24,22.0,87,690,1,Yes
1364,2021-09-25,20.8,59,558,1,Yes
1365,2021-09-26,32.2,88,441,0,No
1366,2021-09-27,33.7,91,1131,0,No
1367,2021-09-28,31.6,84,247,0,No
1368,2021-09-29,26.3,100,536,0,No
1369,2021-09-30,29.8,82,695,0,No
1370,2021-10-01,27.9,52,631,0,No
1371,2021-10-02,32.1,95,557,1,Yes
1372,2021-10-03,26.0,83,629,0,No
1373,2021-10-04,30.7,73,423,0,No
1374,2021-10-05,34.6,63,382,0,No
1375,2021-10-06,23.9,62,719,0,No
1376,2021-10-07,31.0,61,1394,0,No
1377,2021-10-08,30.7,100,1431,1,Yes
1378,2021-10-09,28.0,91,458,0,No
1379,2021-10-10,31.2,81,612,0,No
1380,2021-10-11,21.3,78,198,0,No
1381,2021-10-12,28.2,84,952,1,Yes
1382,2021-10-13,26.4,88,1352,1,Yes
1383,2021-10-14,25.9,77,922,0,No
1384,2021-10-15,28.9,69,1411,0,No
1385,2021-10-16,25.7,83,1144,1,Yes
1386,2021-10-17,23.3,69,249,0,No
1387,2021-10-18,27.3,74,798,0,No
1388,2021-10-19,21.9,91,1217,0,No
1389,2021-10-20,25.3,71,370,0,No
1390,2021-10-21,33.1,99,474,1,Yes
1391,2021-10-22,24.9,95,746,0,No
1392,2021-10-23,34.9,97,1379,0,No
1393,2021-10-24,33.8,81,1378,0,No
1394,2021-10-25,30.5,51,1056,1,Yes
1395,2021-10-26,28.7,55,1065,1,Yes
1396,2021-10-27,29.9,64,217,0,No
1397,2021-10-28,23.9,67,781,0,No
1398,2021-10-29,23.6,55,1004,1,Yes
1399,2021-10-30,31.2,66,1266,0,No
1400,2021-10-31,31.3,93,1222,1,Yes
1401,2021-11-01,32.3,63,1071,0,No
1402,2021-11-02,25.7,60,1480,0,No
1403,2021-11-03,31.0,77,479,1,Yes
1404,2021-11-04,31.2,88,428,0,No
1405,2021-11-05,24.9,98,83,0,No
1406,2021-11-06,21.2,67,1426,0,No
1407,2021-11-07,21.0,100,1260,1,Yes
1408,2021-11-08,21.3,61,1332,1,Yes
1409,2021-11-09,27.6,57,834,0,No
1410,2021-11-10,29.9,54,879,1,Yes
1411,2021-11-11,33.9,63,374,1,Yes
1412,2021-11-12,30.2,56,77,1,Yes
1413,2021-11-13,31.4,74,739,0,No
1414,2021-11-14,32.0,78,1195,0,No
1415,2021-11-15,28.6,80,463,1,Yes
1416,2021-11-16,23.3,73,1249,0,No
1417,2021-11-17,30.4,62,1282,0,No
1418,2021-11-18,26.5,75,1063,0,No
1419,2021-11-19,27.5,79,866,0,No
1420,2021-11-20,21.5,85,918,0,No
1421,2021-11-21,20.2,70,657,0,No
1422,2021-11-22,33.4,58,1145,1,Yes
1423,2021-11-23,27.0,72,598,1,Yes
1424,2021-11-24,20.4,52,641,0,No
1425,2021-11-25,30.0,59,983,0,No
1426,2021-11-26,33.7,53,713,0,No
1427,2021-11-27,21.3,95,497,1,Yes
1428,2021-11-28,35.0,58,630,0,No
1429,2021-11-29,29.1,77,1415,1,Yes
1430,2021-11-30,20.4,95,529,0,No
1431,2021-12-01,25.8,55,663,1,Yes
1432,2021-12-02,33.4,86,306,0,No
1433,2021-12-03,34.3,61,1374,0,No
1434,2021-12-04,34.1,90,806,0,No
1435,2021-12-05,20.5,65,228,0,No
1436,2021-12-06,29.9,56,889,1,Yes
1437,2021-12-07,28.8,80,993,0,No
1438,2021-12-08,34.3,98,849,0,No
1439,2021-12-09,28.6,75,64,0,No
1440,2021-12-10,34.3,53,1337,0,No
1441,2021-12-11,22.0,67,344,1,Yes
1442,2021-12-12,26.8,93,875,0,No
1443,2021-12-13,25.6,65,1016,0,No
1444,2021-12-14,28.4,73,1255,0,No
1445,2021-12-15,34.6,79,55,0,No
1446,2021-12-16,20.2,73,1489,0,No
1447,2021-12-17,29.2,68,312,1,Yes
1448,2021-12-18,30.7,67,165,0,No
1449,2021-12-19,20.4,75,258,0,No
1450,2021-12-20,27.0,53,737,0,No
1451,2021-12-21,32.2,66,272,0,No
1452,2021-12-22,30.1,63,204,0,No
1453,2021-12-23,29.4,100,592,1,Yes
1454,2021-12-24,26.1,92,82,0,No
1455,2021-12-25,28.1,84,434,1,Yes
1456,2021-12-26,30.5,98,538,0,No
1457,2021-12-27,25.2,76,623,0,No
1458,2021-12-28,30.1,100,534,0,No
1459,2021-12-29,27.6,77,941,1,Yes
1460,2021-12-30,20.4,63,804,1,Yes
1461,2021-12-31,22.2,96,880,0,No
1462,2022-01-01,29.5,59,653,0,No
1463,2022-01-02,25.7,73,139,0,No
1464,2022-01-03,32.9,54,1090,1,Yes
1465,2022-01-04,23.3,79,62,1,Yes
1466,2022-01-05,34.1,70,725,0,No
1467,2022-01-06,33.8,84,1380,0,No
1468,2022-01-07,28.1,81,1163,0,No
1469,2022-01-08,24.6,99,389,0,No
1470,2022-01-09,30.0,78,861,0,No
1471,2022-01-10,31.1,55,273,0,No
1472,2022-01-11,23.8,59,283,0,No
1473,2022-01-12,30.6,89,568,0,No
1474,2022-01-13,25.0,79,554,0,No
1475,2022-01-14,20.9,62,444,0,No
1476,2022-01-15,29.5,51,328,0,No
1477,2022-01-16,28.4,79,243,0,No
1478,2022-01-17,20.6,91,1461,0,No
1479,2022-01-18,31.6,96,1355,0,No
1480,2022-01-19,33.6,59,726,1,Yes
1481,2022-01-20,21.2,59,602,0,No
1482,2022-01-21,31.1,98,938,0,No
1483,2022-01-22,23.3,80,381,0,No
1484,2022-01-23,29.8,62,1208,1,Yes
1485,2022-01-24,27.0,64,1499,0,No
1486,2022-01-25,27.2,76,696,0,No
1487,2022-01-26,28.4,71,226,0,No
1488,2022-01-27,26.1,88,815,0,No
1489,2022-01-28,20.6,98,1328,1,Yes
1490,2022-01-29,26.5,91,753,0,No
1491,2022-01-30,31.4,78,441,0,No
1492,2022-01-31,29.9,97,160,0,No
1493,2022-02-01,20.7,68,559,1,Yes
1494,2022-02-02,28.0,55,1301,0,No
1495,2022-02-03,31.4,71,1049,0,No
1496,2022-02-04,28.5,66,1032,0,No
1497,2022-02-05,33.3,99,1329,0,No
1498,2022-02-06,30.2,86,822,0,No
1499,2022-02-07,33.0,56,687,0,No
1500,2022-02-08,22.7,71,444,0,No
1501,2022-02-09,22.3,97,1488,0,No
1502,2022-02-10,30.7,73,1110,0,No
1503,2022-02-11,34.1,51,1316,0,No
1504,2022-02-12,25.6,83,273,1,Yes
1505,2022-02-13,32.0,94,218,1,Yes
1506,2022-02-14,21.2,74,79,0,No
1507,2022-02-15,23.8,84,290,0,No
1508,2022-02-16,28.4,97,673,0,No
1509,2022-02-17,30.4,73,1468,0,No
1510,2022-02-18,22.1,68,1417,0,No
1511,2022-02-19,33.8,94,943,1,Yes
1512,2022-02-20,32.0,72,284,1,Yes
1513,2022-02-21,30.6,65,1070,0,No
1514,2022-02-22,32.8,54,987,0,No
1515,2022-02-23,23.8,56,1325,0,No
1516,2022-02-24,23.8,50,689,0,No
1517,2022-02-25,29.0,74,348,1,Yes
1518,2022-02-26,33.3,59,642,0,No
1519,2022-02-27,28.6,72,1420,0,No
1520,2022-02-28,27.6,54,1192,0,No
1521,2022-03-01,32.9,52,704,0,No
1522,2022-03-02,20.8,82,391,1,Yes
1523,2022-03-03,28.0,53,194,1,Yes
1524,2022-03-04,23.5,75,103,0,No
1525,2022-03-05,20.4,59,917,0,No
1526,2022-03-06,27.8,76,1005,1,Yes
1527,2022-03-07,20.8,90,740,1,Yes
1528,2022-03-08,31.6,51,947,0,No
1529,2022-03-09,21.4,86,586,1,Yes
1530,2022-03-10,28.5,83,1345,0,No
1531,2022-03-11,28.1,71,483,0,No
1532,2022-03-12,20.3,82,291,0,No
1533,2022-03-13,21.3,72,343,1,Yes
1534,2022-03-14,20.3,71,719,1,Yes
1535,2022-03-15,28.1,75,1028,1,Yes
1536,2022-03-16,26.8,51,1310,1,Yes
1537,2022-03-17,32.8,98,748,1,Yes
1538,2022-03-18,34.0,69,1421,0,No
1539,2022-03-19,34.7,82,1402,0,No
1540,2022-03-20,29.6,51,679,0,No
1541,2022-03-21,28.0,81,1434,0,No
1542,2022-03-22,34.3,64,220,0,No
1543,2022-03-23,32.9,62,1435,0,No
1544,2022-03-24,28.5,86,1110,0,No
1545,2022-03-25,29.6,66,168,1,Yes
1546,2022-03-26,26.4,71,677,0,No
1547,2022-03-27,23.2,96,349,1,Yes
1548,2022-03-28,20.1,60,1240,0,No
1549,2022-03-29,22.9,97,1116,0,No
1550,2022-03-30,26.6,58,628,1,Yes
1551,2022-03-31,20.6,64,162,1,Yes
1552,2022-04-01,30.1,72,831,1,Yes
1553,2022-04-02,24.0,91,1020,0,No
1554,2022-04-03,26.9,74,315,0,No
1555,2022-04-04,28.0,52,515,0,No
1556,2022-04-05,20.5,86,1100,0,No
1557,2022-04-06,25.9,93,1125,0,No
1558,2022-04-07,34.9,67,1338,1,Yes
1559,2022-04-08,29.0,51,963,1,Yes
1560,2022-04-09,26.8,63,563,0,No
1561,2022-04-10,20.5,50,409,0,No
1562,2022-04-11,23.7,89,678,0,No
1563,2022-04-12,27.7,63,101,0,No
1564,2022-04-13,30.3,54,436,0,No
1565,2022-04-14,30.2,64,716,0,No
1566,2022-04-15,34.5,62,666,1,Yes
1567,2022-04-16,33.8,87,1474,0,No
1568,2022-04-17,22.6,81,455,0,No
1569,2022-04-18,34.5,73,757,0,No
1570,2022-04-19,23.6,50,183,1,Yes
1571,2022-04-20,22.9,71,226,1,Yes
1572,2022-04-21,25.0,65,314,1,Yes
1573,2022-04-22,27.7,95,1110,0,No
1574,2022-04-23,33.9,75,321,0,No
1575,2022-04-24,28.2,99,604,0,No
1576,2022-04-25,28.2,95,1417,0,No
1577,2022-04-26,24.8,72,201,0,No
1578,2022-04-27,30.5,94,1140,0,No
1579,2022-04-28,26.5,86,166,0,No
1580,2022-04-29,26.9,65,615,1,Yes
1581,2022-04-30,21.0,75,875,1,Yes
1582,2022-05-01,30.6,58,502,0,No
1583,2022-05-02,29.3,72,1287,1,Yes
1584,2022-05-03,33.5,93,1454,0,No
1585,2022-05-04,27.5,69,880,1,Yes
1586,2022-05-05,24.3,62,801,1,Yes
1587,2022-05-06,22.8,63,1225,0,No
1588,2022-05-07,21.5,55,462,0,No
1589,2022-05-08,25.1,62,1374,1,Yes
1590,2022-05-09,21.7,57,185,0,No
1591,2022-05-10,20.7,74,711,0,No
1592,2022-05-11,28.7,55,465,1,Yes
1593,2022-05-12,34.8,82,593,0,No
1594,2022-05-13,27.9,92,552,1,Yes
1595,2022-05-14,25.3,68,889,0,No
1596,2022-05-15,20.8,87,874,1,Yes
1597,2022-05-16,32.5,80,838,0,No
1598,2022-05-17,25.0,72,1016,0,No
1599,2022-05-18,32.7,73,174,0,No
1600,2022-05-19,22.9,64,509,1,Yes
1601,2022-05-20,29.3,61,883,1,Yes
1602,2022-05-21,26.2,92,723,0,No
1603,2022-05-22,20.3,79,308,1,Yes
1604,2022-05-23,22.6,92,801,1,Yes
1605,2022-05-24,30.1,56,836,0,No
1606,2022-05-25,22.8,85,521,0,No
1607,2022-05-26,29.6,92,490,0,No
1608,2022-05-27,31.0,100,591,0,No
1609,2022-05-28,20.6,99,1273,0,No
1610,2022-05-29,25.6,91,1105,0,No
1611,2022-05-30,27.6,61,771,0,No
1612,2022-05-31,22.5,75,1090,0,No
1613,2022-06-01,21.2,99,621,1,Yes
1614,2022-06-02,24.4,51,1439,0,No
1615,2022-06-03,30.8,50,1093,0,No
1616,2022-06-04,23.2,85,882,0,No
1617,2022-06-05,29.9,51,1279,0,No
1618,2022-06-06,22.6,87,945,0,No
1619,2022-06-07,21.3,100,1401,0,No
1620,2022-06-08,21.2,53,268,0,No
1621,2022-06-09,32.1,87,831,0,No
1622,2022-06-10,33.4,77,604,0,No
1623,2022-06-11,26.0,63,697,0,No
1624,2022-06-12,22.3,66,649,0,No
1625,2022-06-13,21.1,90,200,0,No
1626,2022-06-14,28.7,92,769,1,Yes
1627,2022-06-15,32.9,90,279,0,No
1628,2022-06-16,26.0,72,1407,0,No
1629,2022-06-17,30.7,83,751,0,No
1630,2022-06-18,34.8,96,146,0,No
1631,2022-06-19,32.0,94,887,0,No
1632,2022-06-20,34.4,61,891,0,No
1633,2022-06-21,29.2,80,610,0,No
1634,2022-06-22,26.8,85,202,0,No
1635,2022-06-23,21.3,74,1113,0,No
1636,2022-06-24,34.3,82,751,0,No
1637,2022-06-25,21.0,67,1314,1,Yes
1638,2022-06-26,22.0,50,1141,0,No
1639,2022-06-27,33.5,69,355,0,No
1640,2022-06-28,33.4,82,473,1,Yes
1641,2022-06-29,28.0,63,210,0,No
1642,2022-06-30,28.1,95,435,0,No
1643,2022-07-01,24.2,54,1019,1,Yes
1644,2022-07-02,23.8,98,788,0,No
1645,2022-07-03,22.9,74,1105,0,No
1646,2022-07-04,24.9,56,855,0,No
1647,2022-07-05,24.3,56,913,0,No
1648,2022-07-06,22.2,56,1048,1,Yes
1649,2022-07-07,29.0,60,1077,0,No
1650,2022-07-08,23.8,55,943,1,Yes
1651,2022-07-09,34.9,94,1293,0,No
1652,2022-07-10,26.9,62,724,0,No
1653,2022-07-11,20.4,69,292,0,No
1654,2022-07-12,25.3,90,1268,0,No
1655,2022-07-13,28.8,77,872,0,No
1656,2022-07-14,34.3,83,1402,0,No
1657,2022-07-15,27.8,76,1252,1,Yes
1658,2022-07-16,26.8,81,231,1,Yes
1659,2022-07-17,23.4,86,278,0,No
1660,2022-07-18,27.9,93,523,0,No
1661,2022-07-19,33.7,93,1177,0,No
1662,2022-07-20,20.7,61,1165,1,Yes
1663,2022-07-21,33.0,81,623,0,No
1664,2022-07-22,30.9,87,737,1,Yes
1665,2022-07-23,22.0,51,347,1,Yes
1666,2022-07-24,25.3,56,941,0,No
1667,2022-07-25,20.2,77,1446,0,No
1668,2022-07-26,24.3,63,587,1,Yes
1669,2022-07-27,25.5,84,784,0,No
1670,2022-07-28,24.1,95,885,0,No
1671,2022-07-29,34.8,98,987,1,Yes
1672,2022-07-30,27.4,82,1338,0,No
1673,2022-07-31,34.1,99,353,0,No
1674,2022-08-01,31.0,98,1056,0,No
1675,2022-08-02,25.5,74,275,0,No
1676,2022-08-03,25.3,84,417,0,No
1677,2022-08-04,23.7,59,1203,1,Yes
1678,2022-08-05,29.8,64,1448,0,No
1679,2022-08-06,26.8,68,1261,0,No
1680,2022-08-07,33.5,95,513,0,No
1681,2022-08-08,22.1,79,1319,1,Yes
1682,2022-08-09,34.1,92,1132,1,Yes
1683,2022-08-10,26.5,53,904,1,Yes
1684,2022-08-11,33.8,64,675,0,No
1685,2022-08-12,27.1,64,1137,0,No
1686,2022-08-13,29.6,88,1300,0,No
1687,2022-08-14,30.7,94,382,1,Yes
1688,2022-08-15,34.9,82,1235,0,No
1689,2022-08-16,29.0,99,808,0,No
1690,2022-08-17,22.4,87,173,0,No
1691,2022-08-18,31.7,98,616,1,Yes
1692,2022-08-19,21.0,79,739,0,No
1693,2022-08-20,23.7,90,600,0,No
1694,2022-08-21,28.3,82,318,0,No
1695,2022-08-22,32.8,72,811,0,No
1696,2022-08-23,31.6,99,1383,0,No
1697,2022-08-24,24.5,60,336,0,No
1698,2022-08-25,22.3,84,1063,0,No
1699,2022-08-26,27.1,99,630,1,Yes
1700,2022-08-27,28.1,81,914,1,Yes
1701,2022-08-28,29.9,95,1387,0,No
1702,2022-08-29,22.4,95,394,0,No
1703,2022-08-30,22.2,64,1264,0,No
1704,2022-08-31,20.9,98,172,0,No
1705,2022-09-01,33.5,72,906,1,Yes
1706,2022-09-02,34.7,73,870,0,No
1707,2022-09-03,30.8,78,1480,1,Yes
1708,2022-09-04,29.7,93,1061,0,No
1709,2022-09-05,29.1,80,821,0,No
1710,2022-09-06,23.2,90,617,0,No
1711,2022-09-07,30.6,62,498,1,Yes
1712,2022-09-08,30.2,69,122,0,No
1713,2022-09-09,32.9,54,251,0,No
1714,2022-09-10,25.1,55,772,0,No
1715,2022-09-11,23.8,93,311,0,No
1716,2022-09-12,30.1,65,428,1,Yes
1717,2022-09-13,24.0,68,1020,1,Yes
1718,2022-09-14,22.5,97,879,0,No
1719,2022-09-15,26.5,94,1028,1,Yes
1720,2022-09-16,32.3,61,1367,0,No
1721,2022-09-17,21.4,67,645,0,No
1722,2022-09-18,21.9,66,338,1,Yes
1723,2022-09-19,28.3,99,289,0,No
1724,2022-09-20,31.1,76,746,0,No
1725,2022-09-21,33.4,98,850,1,Yes
1726,2022-09-22,22.7,54,328,1,Yes
1727,2022-09-23,30.8,73,1448,0,No
1728,2022-09-24,25.4,96,1035,1,Yes
1729,2022-09-25,20.4,77,579,0,No
1730,2022-09-26,24.9,79,937,0,No
1731,2022-09-27,32.4,67,209,0,No
1732,2022-09-28,20.9,88,1138,0,No
1733,2022-09-29,30.4,93,518,1,Yes
1734,2022-09-30,30.1,60,1433,1,Yes
1735,2022-10-01,21.0,50,816,1,Yes
1736,2022-10-02,21.0,94,1168,1,Yes
1737,2022-10-03,29.4,81,1210,1,Yes
1738,2022-10-04,33.5,52,752,0,No
1739,2022-10-05,27.3,62,630,0,No
1740,2022-10-06,32.3,54,1030,0,No
1741,2022-10-07,34.3,88,331,0,No
1742,2022-10-08,33.7,94,963,0,No
1743,2022-10-09,34.7,88,519,0,No
1744,2022-10-10,20.1,66,523,0,No
1745,2022-10-11,29.0,87,821,0,No
1746,2022-10-12,22.3,77,554,0,No
1747,2022-10-13,27.7,82,466,1,Yes
1748,2022-10-14,33.3,57,703,0,No
1749,2022-10-15,31.3,93,801,0,No
1750,2022-10-16,28.8,64,466,0,No
1751,2022-10-17,23.7,82,794,0,No
1752,2022-10-18,22.4,92,1007,0,No
1753,2022-10-19,24.3,99,602,1,Yes
1754,2022-10-20,33.3,92,1077,0,No
1755,2022-10-21,23.2,78,368,0,No
1756,2022-10-22,25.6,81,1418,1,Yes
1757,2022-10-23,26.1,67,608,1,Yes
1758,2022-10-24,34.4,63,904,1,Yes
1759,2022-10-25,27.7,77,478,1,Yes
1760,2022-10-26,30.4,74,886,1,Yes
1761,2022-10-27,35.0,73,1024,1,Yes
1762,2022-10-28,27.5,78,54,0,No
1763,2022-10-29,21.9,57,1494,1,Yes
1764,2022-10-30,24.5,96,247,0,No
1765,2022-10-31,29.9,93,1030,0,No
1766,2022-11-01,29.0,56,115,0,No
1767,2022-11-02,32.7,82,744,1,Yes
1768,2022-11-03,25.7,50,857,0,No
1769,2022-11-04,27.1,68,371,0,No
1770,2022-11-05,28.8,64,1055,0,No
1771,2022-11-06,33.1,83,1369,1,Yes
1772,2022-11-07,33.7,84,490,0,No
1773,2022-11-08,30.4,88,984,0,No
1774,2022-11-09,27.2,79,959,0,No
1775,2022-11-10,29.9,64,1180,0,No
1776,2022-11-11,28.5,78,208,1,Yes
1777,2022-11-12,33.3,56,608,0,No
1778,2022-11-13,34.6,85,1132,0,No
1779,2022-11-14,32.7,50,55,0,No
1780,2022-11-15,21.8,60,1159,0,No
1781,2022-11-16,30.0,65,496,0,No
1782,2022-11-17,25.3,75,1198,0,No
1783,2022-11-18,28.9,64,251,0,No
1784,2022-11-19,26.2,81,501,0,No
1785,2022-11-20,30.9,94,1380,0,No
1786,2022-11-21,31.7,98,327,0,No
1787,2022-11-22,32.2,67,711,0,No
1788,2022-11-23,28.1,73,1247,0,No
1789,2022-11-24,26.6,90,1166,0,No
1790,2022-11-25,26.7,58,1015,0,No
1791,2022-11-26,26.7,100,1470,1,Yes
1792,2022-11-27,20.9,91,483,0,No
1793,2022-11-28,28.2,74,425,1,Yes
1794,2022-11-29,24.9,90,561,0,No
1795,2022-11-30,26.7,74,618,0,No
1796,2022-12-01,31.2,74,1207,1,Yes
1797,2022-12-02,35.0,92,412,1,Yes
1798,2022-12-03,33.4,60,1395,0,No
1799,2022-12-04,30.7,71,1138,1,Yes
1800,2022-12-05,31.1,94,1368,0,No
1801,2022-12-06,21.5,85,1024,1,Yes
1802,2022-12-07,28.3,52,467,1,Yes
1803,2022-12-08,32.0,63,445,0,No
1804,2022-12-09,34.7,54,1015,0,No
1805,2022-12-10,25.3,51,1362,0,No
1806,2022-12-11,32.0,78,765,0,No
1807,2022-12-12,32.1,60,285,0,No
1808,2022-12-13,33.1,80,653,1,Yes
1809,2022-12-14,26.0,71,785,0,No
1810,2022-12-15,20.8,94,1183,0,No
1811,2022-12-16,22.0,93,395,0,No
1812,2022-12-17,21.2,82,489,0,No
1813,2022-12-18,27.3,71,185,1,Yes
1814,2022-12-19,34.0,65,526,0,No
1815,2022-12-20,32.5,79,498,1,Yes
1816,2022-12-21,31.0,98,1234,0,No
1817,2022-12-22,33.7,68,1367,1,Yes
1818,2022-12-23,28.0,95,589,1,Yes
1819,2022-12-24,33.3,69,1195,0,No
1820,2022-12-25,26.0,89,177,0,No
1821,2022-12-26,21.7,66,1038,0,No
1822,2022-12-27,22.5,73,740,0,No
1823,2022-12-28,31.3,63,429,0,No
1824,2022-12-29,33.5,86,1086,0,No
1825,2022-12-30,26.0,84,1444,0,No
1826,2022-12-31,33.2,66,1211,0,No
1827,2023-01-01,32.9,91,1311,0,No
1828,2023-01-02,28.9,85,1300,0,No
1829,2023-01-03,34.0,65,1355,1,Yes
1830,2023-01-04,25.1,72,945,1,Yes
1831,2023-01-05,26.0,85,1065,0,No
1832,2023-01-06,27.4,61,888,0,No
1833,2023-01-07,22.9,72,1278,0,No
1834,2023-01-08,30.2,88,149,1,Yes
1835,2023-01-09,26.2,75,1327,0,No
1836,2023-01-10,27.0,82,979,0,No
1837,2023-01-11,31.2,68,851,1,Yes
1838,2023-01-12,32.6,55,746,1,Yes
1839,2023-01-13,31.0,91,1322,0,No
1840,2023-01-14,28.9,77,1045,0,No
1841,2023-01-15,22.6,59,304,0,No
1842,2023-01-16,21.5,80,1085,0,No
1843,2023-01-17,26.4,58,225,0,No
1844,2023-01-18,20.5,71,1459,0,No
1845,2023-01-19,32.2,63,349,0,No
1846,2023-01-20,29.4,55,1091,0,No
1847,2023-01-21,30.3,87,486,0,No
1848,2023-01-22,24.2,85,268,0,No
1849,2023-01-23,21.2,50,1146,0,No
1850,2023-01-24,34.9,67,454,0,No
1851,2023-01-25,20.6,60,1200,0,No
1852,2023-01-26,34.7,88,707,0,No
1853,2023-01-27,20.3,51,1473,0,No
1854,2023-01-28,20.2,90,312,0,No
1855,2023-01-29,20.1,71,969,0,No
1856,2023-01-30,28.9,65,1172,1,Yes
1857,2023-01-31,31.3,57,1088,1,Yes
1858,2023-02-01,27.0,55,81,0,No
1859,2023-02-02,26.3,57,496,0,No
1860,2023-02-03,22.7,50,1175,0,No
1861,2023-02-04,31.0,98,1052,1,Yes
1862,2023-02-05,21.9,97,1388,0,No
1863,2023-02-06,30.0,77,352,1,Yes
1864,2023-02-07,24.9,82,961,0,No
1865,2023-02-08,22.1,80,887,0,No
1866,2023-02-09,20.8,87,1058,0,No
1867,2023-02-10,28.4,73,1493,0,No
1868,2023-02-11,32.1,73,1278,1,Yes
1869,2023-02-12,34.3,71,1056,0,No
1870,2023-02-13,33.5,71,220,0,No
1871,2023-02-14,20.5,88,387,1,Yes
1872,2023-02-15,31.8,95,966,1,Yes
1873,2023-02-16,33.6,82,512,1,Yes
1874,2023-02-17,23.0,94,1356,0,No
1875,2023-02-18,30.7,83,1418,0,No
1876,2023-02-19,31.4,72,1112,0,No
1877,2023-02-20,21.5,98,493,0,No
1878,2023-02-21,32.5,71,398,1,Yes
1879,2023-02-22,23.5,91,1285,0,No
1880,2023-02-23,24.6,81,782,1,Yes
1881,2023-02-24,30.0,74,453,0,No
1882,2023-02-25,24.8,80,1444,1,Yes
1883,2023-02-26,27.0,73,1281,0,No
1884,2023-02-27,32.0,75,131,0,No
1885,2023-02-28,24.9,61,1019,0,No
1886,2023-03-01,22.8,80,1150,1,Yes
1887,2023-03-02,20.2,60,410,1,Yes
1888,2023-03-03,31.8,89,449,0,No
1889,2023-03-04,32.0,99,1224,1,Yes
1890,2023-03-05,20.2,100,968,0,No
1891,2023-03-06,20.5,58,929,1,Yes
1892,2023-03-07,21.9,53,71,0,No
1893,2023-03-08,31.2,52,1347,0,No
1894,2023-03-09,32.2,65,582,1,Yes
1895,2023-03-10,26.3,96,1078,0,No
1896,2023-03-11,25.1,60,407,0,No
1897,2023-03-12,27.1,75,605,0,No
1898,2023-03-13,23.7,78,1055,1,Yes
1899,2023-03-14,24.0,72,1003,0,No
1900,2023-03-15,32.3,76,643,0,No
1901,2023-03-16,21.7,68,1088,0,No
1902,2023-03-17,25.5,71,225,0,No
1903,2023-03-18,34.5,84,1062,1,Yes
1904,2023-03-19,25.2,51,82,0,No
1905,2023-03-20,28.7,69,1292,1,Yes
1906,2023-03-21,29.3,72,65,1,Yes
1907,2023-03-22,28.7,66,911,0,No
1908,2023-03-23,31.7,97,1062,0,No
1909,2023-03-24,27.1,73,332,1,Yes
1910,2023-03-25,22.3,88,521,0,No
1911,2023-03-26,20.3,90,843,0,No
1912,2023-03-27,22.3,75,986,1,Yes
1913,2023-03-28,29.7,98,627,0,No
1914,2023-03-29,20.3,91,1313,1,Yes
1915,2023-03-30,34.0,81,85,1,Yes
1916,2023-03-31,31.7,84,1270,0,No
1917,2023-04-01,22.6,84,138,0,No
1918,2023-04-02,28.8,81,1438,0,No
1919,2023-04-03,33.1,87,921,1,Yes
1920,2023-04-04,33.8,77,1218,0,No
1921,2023-04-05,23.2,100,354,0,No
1922,2023-04-06,29.7,92,1310,0,No
1923,2023-04-07,20.3,72,1476,0,No
1924,2023-04-08,29.5,93,75,1,Yes
1925,2023-04-09,32.4,64,1243,1,Yes
1926,2023-04-10,33.2,72,590,1,Yes
1927,2023-04-11,23.3,88,1095,0,No
1928,2023-04-12,30.1,81,125,1,Yes
1929,2023-04-13,32.6,54,951,0,No
1930,2023-04-14,33.1,73,990,0,No
1931,2023-04-15,33.9,86,1320,0,No
1932,2023-04-16,24.8,56,1339,0,No
1933,2023-04-17,34.1,65,1101,0,No
1934,2023-04-18,34.9,95,320,0,No
1935,2023-04-19,30.3,81,1404,1,Yes
1936,2023-04-20,25.5,85,1353,0,No
1937,2023-04-21,21.5,62,1305,0,No
1938,2023-04-22,27.7,59,566,0,No
1939,2023-04-23,28.7,85,817,0,No
1940,2023-04-24,21.5,52,1003,1,Yes
1941,2023-04-25,20.7,91,1306,0,No
1942,2023-04-26,21.8,94,173,0,No
1943,2023-04-27,34.8,59,1043,0,No
1944,2023-04-28,26.4,88,525,1,Yes
1945,2023-04-29,34.2,91,56,0,No
1946,2023-04-30,30.3,73,1150,1,Yes
1947,2023-05-01,25.7,85,1056,0,No
1948,2023-05-02,33.3,87,938,0,No
1949,2023-05-03,34.6,67,295,0,No
1950,2023-05-04,33.9,77,1224,0,No
1951,2023-05-05,24.6,87,1397,1,Yes
1952,2023-05-06,31.0,68,878,0,No
1953,2023-05-07,22.9,71,1310,1,Yes
1954,2023-05-08,24.4,89,400,1,Yes
1955,2023-05-09,22.2,61,102,0,No
1956,2023-05-10,27.3,96,230,0,No
1957,2023-05-11,30.7,82,261,1,Yes
1958,2023-05-12,32.3,50,688,1,Yes
1959,2023-05-13,29.4,62,151,0,No
1960,2023-05-14,26.7,94,107,0,No
1961,2023-05-15,26.4,60,713,1,Yes
1962,2023-05-16,33.9,90,1477,0,No
1963,2023-05-17,27.0,65,226,0,No
1964,2023-05-18,22.7,65,51,0,No
1965,2023-05-19,29.4,88,1157,1,Yes
1966,2023-05-20,34.1,78,810,0,No
1967,2023-05-21,29.9,62,706,0,No
1968,2023-05-22,27.7,58,249,0,No
1969,2023-05-23,29.1,56,1286,0,No
1970,2023-05-24,21.1,60,149,0,No
1971,2023-05-25,34.4,91,1149,0,No
1972,2023-05-26,28.2,89,1266,0,No
1973,2023-05-27,23.3,54,260,0,No
1974,2023-05-28,25.5,68,1334,0,No
1975,2023-05-29,22.6,62,864,0,No
1976,2023-05-30,31.4,84,390,1,Yes
1977,2023-05-31,24.1,81,795,1,Yes
1978,2023-06-01,27.0,62,978,0,No
1979,2023-06-02,26.0,89,814,1,Yes
1980,2023-06-03,28.9,72,1447,0,No
1981,2023-06-04,30.6,86,65,0,No
1982,2023-06-05,31.4,96,1236,0,No
1983,2023-06-06,22.2,53,890,1,Yes
1984,2023-06-07,21.8,83,682,0,No
1985,2023-06-08,23.4,68,376,0,No
1986,2023-06-09,25.6,81,1098,0,No
1987,2023-06-10,27.7,62,405,0,No
1988,2023-06-11,29.7,61,714,0,No
1989,2023-06-12,21.4,100,1388,1,Yes
1990,2023-06-13,30.4,67,268,0,No
1991,2023-06-14,27.0,78,51,1,Yes
1992,2023-06-15,27.7,50,1063,0,No
1993,2023-06-16,23.2,100,1232,0,No
1994,2023-06-17,23.5,75,76,0,No
1995,2023-06-18,27.7,55,782,0,No
1996,2023-06-19,30.5,58,1141,0,No
1997,2023-06-20,22.1,85,431,0,No
1998,2023-06-21,32.6,69,439,0,No
1999,2023-06-22,24.8,80,496,0,No
2000,2023-06-23,34.3,50,417,0,No
2001,2023-06-24,28.9,79,1185,1,Yes
2002,2023-06-25,26.1,82,1006,0,No
2003,2023-06-26,29.3,98,286,0,No
2004,2023-06-27,23.2,86,1475,0,No
2005,2023-06-28,32.1,52,631,0,No
2006,2023-06-29,23.5,61,515,0,No
2007,2023-06-30,30.4,60,348,0,No
2008,2023-07-01,25.8,60,162,1,Yes
2009,2023-07-02,33.4,74,836,0,No
2010,2023-07-03,26.9,75,652,0,No
2011,2023-07-04,28.5,90,841,0,No
2012,2023-07-05,26.7,57,783,1,Yes
2013,2023-07-06,32.8,62,1274,0,No
2014,2023-07-07,23.2,86,177,1,Yes
2015,2023-07-08,29.2,78,1085,1,Yes
2016,2023-07-09,29.1,69,1415,0,No
2017,2023-07-10,31.9,58,485,0,No
2018,2023-07-11,21.0,60,912,0,No
2019,2023-07-12,27.6,51,1322,0,No
2020,2023-07-13,31.1,91,1141,1,Yes
2021,2023-07-14,32.4,62,195,0,No
2022,2023-07-15,34.1,97,1208,0,No
2023,2023-07-16,27.1,54,1264,0,No
2024,2023-07-17,25.1,96,570,1,Yes
2025,2023-07-18,31.9,51,1453,0,No
2026,2023-07-19,28.0,75,1099,0,No
2027,2023-07-20,21.3,59,1400,1,Yes
2028,2023-07-21,29.3,98,191,0,No
2029,2023-07-22,28.1,98,880,1,Yes
2030,2023-07-23,20.0,72,1149,1,Yes
2031,2023-07-24,23.1,88,475,1,Yes
2032,2023-07-25,33.5,76,110,0,No
2033,2023-07-26,23.2,81,1160,1,Yes
2034,2023-07-27,31.4,82,1389,0,No
2035,2023-07-28,24.2,72,900,1,Yes
2036,2023-07-29,31.5,52,526,0,No
2037,2023-07-30,21.0,55,1285,0,No
2038,2023-07-31,32.6,69,372,0,No
2039,2023-08-01,28.4,92,204,0,No
2040,2023-08-02,22.3,93,825,0,No
2041,2023-08-03,27.4,83,1111,0,No
2042,2023-08-04,31.8,52,806,0,No
2043,2023-08-05,28.7,78,508,1,Yes
2044,2023-08-06,28.8,61,240,1,Yes
2045,2023-08-07,23.2,70,241,0,No
2046,2023-08-08,33.9,81,683,0,No
2047,2023-08-09,28.7,86,1500,0,No
2048,2023-08-10,31.1,53,402,0,No
2049,2023-08-11,31.8,65,959,0,No
2050,2023-08-12,34.2,68,907,0,No
2051,2023-08-13,34.3,91,659,1,Yes
2052,2023-08-14,20.6,81,659,0,No
2053,2023-08-15,25.1,56,1096,1,Yes
2054,2023-08-16,30.1,61,1470,0,No
2055,2023-08-17,26.8,60,1086,1,Yes
2056,2023-08-18,29.0,71,804,0,No
2057,2023-08-19,25.5,68,1470,1,Yes
2058,2023-08-20,27.7,87,198,1,Yes
2059,2023-08-21,24.0,84,252,0,No
2060,2023-08-22,25.9,59,803,0,No
2061,2023-08-23,27.6,90,112,0,No
2062,2023-08-24,24.2,69,1166,0,No
2063,2023-08-25,31.5,94,168,0,No
2064,2023-08-26,31.0,70,521,0,No
2065,2023-08-27,30.1,62,1168,1,Yes
2066,2023-08-28,20.3,79,474,1,Yes
2067,2023-08-29,28.9,53,1207,0,No
2068,2023-08-30,29.3,82,1368,0,No
2069,2023-08-31,32.4,57,458,1,Yes
2070,2023-09-01,20.4,83,914,0,No
2071,2023-09-02,21.3,94,735,0,No
2072,2023-09-03,26.2,55,833,1,Yes
2073,2023-09-04,28.0,53,1035,0,No
2074,2023-09-05,27.5,52,793,1,Yes
2075,2023-09-06,22.0,84,761,1,Yes
2076,2023-09-07,23.8,93,396,0,No
2077,2023-09-08,25.2,95,904,1,Yes
2078,2023-09-09,30.9,51,632,0,No
2079,2023-09-10,27.3,72,1100,1,Yes
2080,2023-09-11,21.6,67,1420,0,No
2081,2023-09-12,31.5,80,1483,0,No
2082,2023-09-13,21.0,93,790,0,No
2083,2023-09-14,30.8,63,905,1,Yes
2084,2023-09-15,22.7,84,869,0,No
2085,2023-09-16,21.2,82,546,0,No
2086,2023-09-17,24.4,51,992,0,No
2087,2023-09-18,23.2,79,1226,0,No
2088,2023-09-19,23.6,89,1178,0,No
2089,2023-09-20,26.9,77,1169,1,Yes
2090,2023-09-21,25.7,51,645,1,Yes
2091,2023-09-22,28.2,99,1405,1,Yes
2092,2023-09-23,28.1,57,485,0,No
2093,2023-09-24,30.7,84,1269,1,Yes
2094,2023-09-25,29.8,97,740,0,No
2095,2023-09-26,23.7,78,293,0,No
2096,2023-09-27,23.0,90,633,1,Yes
2097,2023-09-28,27.8,93,230,1,Yes
2098,2023-09-29,22.2,63,231,1,Yes
2099,2023-09-30,30.4,86,649,0,No
2100,2023-10-01,21.9,87,981,0,No
2101,2023-10-02,32.0,74,1030,0,No
2102,2023-10-03,31.5,83,256,1,Yes
2103,2023-10-04,34.6,80,379,0,No
2104,2023-10-05,34.1,58,133,0,No
2105,2023-10-06,25.7,57,235,0,No
2106,2023-10-07,21.5,74,1014,1,Yes
2107,2023-10-08,23.2,69,1219,1,Yes
2108,2023-10-09,23.2,93,517,0,No
2109,2023-10-10,21.6,70,701,1,Yes
2110,2023-10-11,34.4,83,1147,1,Yes
2111,2023-10-12,22.4,59,459,0,No
2112,2023-10-13,25.6,98,1090,0,No
2113,2023-10-14,30.5,64,1181,0,No
2114,2023-10-15,28.3,58,337,0,No
2115,2023-10-16,30.7,63,169,0,No
2116,2023-10-17,26.6,58,120,0,No
2117,2023-10-18,29.2,56,147,0,No
2118,2023-10-19,23.1,80,1444,0,No
2119,2023-10-20,21.4,76,1278,0,No
2120,2023-10-21,22.5,77,503,1,Yes
2121,2023-10-22,28.6,52,289,0,No
2122,2023-10-23,20.9,64,851,0,No
2123,2023-10-24,28.7,97,1206,0,No
2124,2023-10-25,21.6,52,175,0,No
2125,2023-10-26,21.0,87,1329,1,Yes
2126,2023-10-27,28.3,68,826,1,Yes
2127,2023-10-28,22.8,86,513,1,Yes
2128,2023-10-29,25.2,57,884,0,No
2129,2023-10-30,33.0,95,654,0,No
2130,2023-10-31,29.8,100,1149,0,No
2131,2023-11-01,27.5,75,1075,0,No
2132,2023-11-02,24.8,70,214,0,No
2133,2023-11-03,24.3,81,1275,0,No
2134,2023-11-04,25.8,51,173,0,No
2135,2023-11-05,21.2,95,76,0,No
2136,2023-11-06,32.1,85,512,1,Yes
2137,2023-11-07,23.0,57,130,1,Yes
2138,2023-11-08,32.0,56,946,0,No
2139,2023-11-09,29.3,90,697,1,Yes
2140,2023-11-10,26.1,71,840,0,No
2141,2023-11-11,24.3,97,348,1,Yes
2142,2023-11-12,29.0,57,605,0,No
2143,2023-11-13,31.4,71,1057,0,No
2144,2023-11-14,31.4,67,1269,1,Yes
2145,2023-11-15,23.8,79,1117,0,No
2146,2023-11-16,31.9,59,1223,0,No
2147,2023-11-17,23.4,94,472,0,No
2148,2023-11-18,29.9,80,1031,1,Yes
2149,2023-11-19,29.0,64,910,0,No
2150,2023-11-20,33.1,79,543,0,No
2151,2023-11-21,33.0,99,1057,0,No
2152,2023-11-22,34.9,84,914,0,No
2153,2023-11-23,29.5,98,441,0,No
2154,2023-11-24,33.1,54,1253,0,No
2155,2023-11-25,27.5,93,1422,0,No
2156,2023-11-26,26.2,99,1342,0,No
2157,2023-11-27,28.7,93,715,0,No
2158,2023-11-28,28.5,75,684,0,No
2159,2023-11-29,23.3,63,1433,0,No
2160,2023-11-30,30.4,62,838,0,No
2161,2023-12-01,30.4,91,643,0,No
2162,2023-12-02,20.0,75,1271,0,No
2163,2023-12-03,27.1,75,605,0,No
2164,2023-12-04,31.2,66,99,1,Yes
2165,2023-12-05,23.8,78,1301,0,No
2166,2023-12-06,20.3,61,1106,0,No
2167,2023-12-07,32.0,86,1204,1,Yes
2168,2023-12-08,24.4,77,524,0,No
2169,2023-12-09,28.8,97,98,0,No
2170,2023-12-10,23.2,98,875,0,No
2171,2023-12-11,26.0,50,208,1,Yes
2172,2023-12-12,31.7,79,631,1,Yes
2173,2023-12-13,34.9,53,61,1,Yes
2174,2023-12-14,33.4,82,1125,0,No
2175,2023-12-15,34.6,51,358,0,No
2176,2023-12-16,25.7,66,947,0,No
2177,2023-12-17,31.5,59,1059,0,No
2178,2023-12-18,33.6,75,83,1,Yes
2179,2023-12-19,22.1,62,226,0,No
2180,2023-12-20,30.2,81,1073,1,Yes
2181,2023-12-21,27.5,76,558,1,Yes
2182,2023-12-22,32.7,61,1183,0,No
2183,2023-12-23,26.4,96,1355,1,Yes
2184,2023-12-24,34.0,59,97,0,No
2185,2023-12-25,27.8,92,646,0,No
2186,2023-12-26,21.8,94,217,1,Yes
2187,2023-12-27,21.1,90,337,0,No
2188,2023-12-28,29.7,73,144,1,Yes
2189,2023-12-29,23.8,52,1435,0,No
2190,2023-12-30,25.5,92,629,1,Yes
2191,2023-12-31,21.7,73,622,0,No
2192,2024-01-01,29.5,77,975,1,Yes
2193,2024-01-02,26.6,93,292,0,No
2194,2024-01-03,34.9,61,908,0,No
2195,2024-01-04,21.9,76,1275,0,No
2196,2024-01-05,25.7,77,679,0,No
2197,2024-01-06,30.2,58,124,0,No
2198,2024-01-07,29.7,88,84,1,Yes
2199,2024-01-08,33.6,57,1419,0,No
2200,2024-01-09,27.2,76,1175,0,No
2201,2024-01-10,25.8,87,272,0,No
2202,2024-01-11,22.4,82,175,0,No
2203,2024-01-12,33.0,66,234,1,Yes
2204,2024-01-13,24.1,82,626,0,No
2205,2024-01-14,27.7,58,1413,0,No
2206,2024-01-15,24.5,72,530,0,No
2207,2024-01-16,31.6,56,822,0,No
2208,2024-01-17,32.3,76,82,1,Yes
2209,2024-01-18,23.8,63,596,1,Yes
2210,2024-01-19,20.4,65,645,0,No
2211,2024-01-20,21.4,60,537,0,No
2212,2024-01-21,31.4,85,1445,0,No
2213,2024-01-22,29.6,72,885,0,No
2214,2024-01-23,22.2,99,873,0,No
2215,2024-01-24,29.2,80,1489,0,No
2216,2024-01-25,25.6,79,84,0,No
2217,2024-01-26,27.2,73,1281,1,Yes
2218,2024-01-27,20.3,84,534,1,Yes
2219,2024-01-28,27.5,89,308,0,No
2220,2024-01-29,23.2,99,502,0,No
2221,2024-01-30,22.3,97,155,0,No
2222,2024-01-31,21.3,54,703,0,No
2223,2024-02-01,30.2,74,712,0,No
2224,2024-02-02,27.1,90,961,0,No
2225,2024-02-03,34.6,65,1460,0,No
2226,2024-02-04,26.4,91,1226,0,No
2227,2024-02-05,29.0,92,274,0,No
2228,2024-02-06,31.7,53,946,0,No
2229,2024-02-07,30.3,56,818,1,Yes
2230,2024-02-08,24.6,66,1340,0,No
2231,2024-02-09,25.8,71,329,0,No
2232,2024-02-10,21.9,53,732,0,No
2233,2024-02-11,32.2,71,428,1,Yes
2234,2024-02-12,33.1,76,700,0,No
2235,2024-02-13,22.8,67,612,0,No
2236,2024-02-14,33.4,100,1222,1,Yes
2237,2024-02-15,34.0,53,865,1,Yes
2238,2024-02-16,31.6,71,1125,1,Yes
2239,2024-02-17,26.7,82,740,1,Yes
2240,2024-02-18,31.7,82,1112,0,No
2241,2024-02-19,20.7,54,184,0,No
2242,2024-02-20,20.4,57,635,0,No
2243,2024-02-21,33.2,60,435,0,No
2244,2024-02-22,23.1,81,1371,1,Yes
2245,2024-02-23,24.8,98,1400,1,Yes
2246,2024-02-24,24.4,66,536,0,No
2247,2024-02-25,20.9,73,434,0,No
2248,2024-02-26,28.6,96,445,0,No
2249,2024-02-27,31.1,53,654,0,No
2250,2024-02-28,25.1,61,479,0,No
2251,2024-02-29,22.9,75,528,0,No
2252,2024-03-01,26.3,82,1306,1,Yes
2253,2024-03-02,24.8,73,1437,1,Yes
2254,2024-03-03,21.7,98,511,0,No
2255,2024-03-04,24.9,86,1353,0,No
2256,2024-03-05,23.9,77,1286,0,No
2257,2024-03-06,30.3,62,746,1,Yes
2258,2024-03-07,23.8,91,1284,1,Yes
2259,2024-03-08,20.3,71,128,0,No
2260,2024-03-09,22.4,59,1173,0,No
2261,2024-03-10,30.6,81,365,0,No
2262,2024-03-11,27.9,62,837,0,No
2263,2024-03-12,21.5,87,1176,0,No
2264,2024-03-13,21.0,57,81,1,Yes
2265,2024-03-14,28.4,73,769,1,Yes
2266,2024-03-15,21.2,69,67,0,No
2267,2024-03-16,31.8,59,1072,1,Yes
2268,2024-03-17,27.5,95,1097,0,No
2269,2024-03-18,20.7,85,695,1,Yes
2270,2024-03-19,24.8,55,56,0,No
2271,2024-03-20,24.2,100,785,0,No
2272,2024-03-21,23.1,65,1216,0,No
2273,2024-03-22,30.1,94,467,0,No
2274,2024-03-23,21.6,98,1178,1,Yes
2275,2024-03-24,32.1,57,193,0,No
2276,2024-03-25,33.9,77,306,1,Yes
2277,2024-03-26,27.0,81,949,0,No
2278,2024-03-27,29.6,77,1052,0,No
2279,2024-03-28,32.4,61,923,0,No
2280,2024-03-29,28.2,70,708,0,No
2281,2024-03-30,22.3,64,1199,1,Yes
2282,2024-03-31,29.9,98,1065,0,No
2283,2024-04-01,20.4,78,202,0,No
2284,2024-04-02,28.9,57,1298,1,Yes
2285,2024-04-03,32.2,65,1308,0,No
2286,2024-04-04,33.8,63,584,1,Yes
2287,2024-04-05,27.1,54,1116,0,No
2288,2024-04-06,24.3,86,1309,1,Yes
2289,2024-04-07,27.2,53,939,0,No
2290,2024-04-08,21.6,88,528,1,Yes
2291,2024-04-09,23.4,56,500,1,Yes
2292,2024-04-10,30.6,98,651,1,Yes
2293,2024-04-11,28.4,50,64,0,No
2294,2024-04-12,24.7,87,94,1,Yes
2295,2024-04-13,23.2,89,1315,0,No
2296,2024-04-14,26.8,56,1430,0,No
2297,2024-04-15,25.3,84,489,1,Yes
2298,2024-04-16,24.9,71,1333,0,No
2299,2024-04-17,34.4,85,1030,0,No
2300,2024-04-18,23.2,85,262,1,Yes
2301,2024-04-19,28.0,84,261,1,Yes
2302,2024-04-20,24.9,77,594,0,No
2303,2024-04-21,23.2,83,858,0,No
2304,2024-04-22,29.6,91,188,0,No
2305,2024-04-23,23.2,57,1181,1,Yes
2306,2024-04-24,33.9,97,404,1,Yes
2307,2024-04-25,33.1,67,757,0,No
2308,2024-04-26,27.6,54,783,1,Yes
2309,2024-04-27,32.5,55,1331,0,No
2310,2024-04-28,31.5,71,1472,0,No
2311,2024-04-29,23.6,87,389,1,Yes
2312,2024-04-30,27.5,61,718,1,Yes
2313,2024-05-01,21.1,77,1412,0,No
2314,2024-05-02,27.6,82,1382,0,No
2315,2024-05-03,23.1,96,946,1,Yes
2316,2024-05-04,25.3,75,708,0,No
2317,2024-05-05,30.9,93,136,0,No
2318,2024-05-06,26.3,79,1164,0,No
2319,2024-05-07,23.7,59,1312,0,No
2320,2024-05-08,27.2,78,1205,0,No
2321,2024-05-09,34.5,50,1195,0,No
2322,2024-05-10,22.0,53,1346,1,Yes
2323,2024-05-11,28.9,83,1368,0,No
2324,2024-05-12,31.8,65,260,0,No
2325,2024-05-13,26.5,52,1375,0,No
2326,2024-05-14,26.8,57,574,0,No
2327,2024-05-15,23.6,74,329,0,No
2328,2024-05-16,20.7,63,1390,1,Yes
2329,2024-05-17,34.0,88,1377,0,No
2330,2024-05-18,20.6,77,130,0,No
2331,2024-05-19,21.3,56,981,0,No
2332,2024-05-20,27.1,93,275,0,No
2333,2024-05-21,28.4,68,865,0,No
2334,2024-05-22,28.9,71,777,0,No
2335,2024-05-23,23.4,81,1321,0,No
2336,2024-05-24,22.8,55,138,0,No
2337,2024-05-25,31.3,97,663,0,No
2338,2024-05-26,25.6,86,150,1,Yes
2339,2024-05-27,25.2,66,1240,1,Yes
2340,2024-05-28,27.7,87,594,0,No
2341,2024-05-29,24.8,96,790,1,Yes
2342,2024-05-30,25.6,77,871,0,No
2343,2024-05-31,34.6,52,642,0,No
2344,2024-06-01,28.5,55,196,0,No
2345,2024-06-02,34.6,85,615,1,Yes
2346,2024-06-03,21.8,69,1121,0,No
2347,2024-06-04,24.0,79,346,0,No
2348,2024-06-05,27.6,73,1295,0,No
2349,2024-06-06,25.3,84,1490,1,Yes
2350,2024-06-07,22.7,72,1259,1,Yes
2351,2024-06-08,32.7,82,470,0,No
2352,2024-06-09,25.5,77,1026,0,No
2353,2024-06-10,29.0,85,443,0,No
2354,2024-06-11,26.2,60,526,0,No
2355,2024-06-12,29.7,75,1402,0,No
2356,2024-06-13,29.7,60,749,0,No
2357,2024-06-14,28.6,75,462,0,No
2358,2024-06-15,32.6,68,1086,0,No
2359,2024-06-16,21.4,71,870,0,No
2360,2024-06-17,26.9,91,449,1,Yes
2361,2024-06-18,23.2,67,197,1,Yes
2362,2024-06-19,34.1,75,666,1,Yes
2363,2024-06-20,22.6,60,868,0,No
2364,2024-06-21,33.2,94,1015,1,Yes
2365,2024-06-22,24.0,83,444,0,No
2366,2024-06-23,32.5,83,395,1,Yes
2367,2024-06-24,31.9,82,574,1,Yes
2368,2024-06-25,33.7,84,523,0,No
2369,2024-06-26,31.3,75,604,1,Yes
2370,2024-06-27,32.7,88,520,0,No
2371,2024-06-28,31.5,95,1396,1,Yes
2372,2024-06-29,31.7,70,145,0,No
2373,2024-06-30,32.3,78,845,1,Yes
2374,2024-07-01,32.2,71,509,0,No
2375,2024-07-02,33.5,76,762,0,No
2376,2024-07-03,31.3,76,1073,1,Yes
2377,2024-07-04,33.9,60,113,1,Yes
2378,2024-07-05,22.7,60,1298,0,No
2379,2024-07-06,33.7,85,440,0,No
2380,2024-07-07,23.0,99,662,0,No
2381,2024-07-08,32.9,93,204,1,Yes
2382,2024-07-09,24.1,79,329,0,No
2383,2024-07-10,31.4,69,1144,0,No
2384,2024-07-11,34.9,76,421,1,Yes
2385,2024-07-12,23.1,86,198,0,No
2386,2024-07-13,23.0,69,1039,0,No
2387,2024-07-14,28.4,52,1309,1,Yes
2388,2024-07-15,34.7,100,650,0,No
2389,2024-07-16,31.2,90,1457,0,No
2390,2024-07-17,28.5,93,267,1,Yes
2391,2024-07-18,28.1,70,671,0,No
2392,2024-07-19,20.5,82,920,0,No
2393,2024-07-20,33.1,97,1242,1,Yes
2394,2024-07-21,22.5,50,989,1,Yes
2395,2024-07-22,28.9,89,648,0,No
2396,2024-07-23,23.5,86,560,0,No
2397,2024-07-24,29.3,60,1467,0,No
2398,2024-07-25,32.4,78,1387,0,No
2399,2024-07-26,25.9,72,215,0,No
2400,2024-07-27,22.8,75,1094,0,No
2401,2024-07-28,24.0,88,1095,0,No
2402,2024-07-29,29.6,54,1317,0,No
2403,2024-07-30,33.1,83,958,1,Yes
2404,2024-07-31,34.5,89,66,1,Yes
2405,2024-08-01,25.8,98,1085,0,No
2406,2024-08-02,22.3,61,1024,1,Yes
2407,2024-08-03,22.3,88,1435,0,No
2408,2024-08-04,23.5,96,66,1,Yes
2409,2024-08-05,33.3,71,267,0,No
2410,2024-08-06,34.2,97,1027,0,No
2411,2024-08-07,20.8,78,411,0,No
2412,2024-08-08,34.8,58,857,0,No
2413,2024-08-09,27.4,98,1202,0,No
2414,2024-08-10,26.0,53,1291,1,Yes
2415,2024-08-11,31.5,78,838,0,No
2416,2024-08-12,22.8,69,501,0,No
2417,2024-08-13,23.6,83,127,1,Yes
2418,2024-08-14,21.6,81,367,0,No
2419,2024-08-15,28.6,68,1224,1,Yes
2420,2024-08-16,33.0,92,1167,0,No
2421,2024-08-17,30.3,77,202,0,No
2422,2024-08-18,22.9,83,708,0,No
2423,2024-08-19,24.1,64,770,0,No
2424,2024-08-20,21.2,92,1378,0,No
2425,2024-08-21,20.3,69,855,0,No
2426,2024-08-22,31.1,53,54,0,No
2427,2024-08-23,31.7,73,91,0,No
2428,2024-08-24,24.9,100,1486,0,No
2429,2024-08-25,34.7,86,1231,0,No
2430,2024-08-26,23.9,83,1113,0,No
2431,2024-08-27,22.0,66,1310,0,No
2432,2024-08-28,31.0,85,315,0,No
2433,2024-08-29,21.5,84,1401,0,No
2434,2024-08-30,34.0,51,550,0,No
2435,2024-08-31,25.4,86,70,0,No
2436,2024-09-01,30.1,86,1037,0,No
2437,2024-09-02,26.0,51,454,0,No
2438,2024-09-03,28.0,62,1420,0,No
2439,2024-09-04,21.2,61,1087,0,No
2440,2024-09-05,28.0,80,946,0,No
2441,2024-09-06,33.1,85,584,0,No
2442,2024-09-07,28.4,78,1196,1,Yes
2443,2024-09-08,28.3,50,65,0,No
2444,2024-09-09,27.4,64,1230,0,No
2445,2024-09-10,22.2,99,487,1,Yes
2446,2024-09-11,29.9,58,1034,0,No
2447,2024-09-12,22.6,99,526,0,No
2448,2024-09-13,25.6,87,395,0,No
2449,2024-09-14,27.0,70,1436,0,No
2450,2024-09-15,21.8,98,950,0,No
2451,2024-09-16,28.6,80,414,0,No
2452,2024-09-17,26.7,68,176,0,No
2453,2024-09-18,22.0,75,561,0,No
2454,2024-09-19,27.2,65,429,0,No
2455,2024-09-20,33.0,76,353,0,No
2456,2024-09-21,22.0,70,1134,1,Yes
2457,2024-09-22,23.7,68,168,1,Yes
2458,2024-09-23,28.9,79,836,1,Yes
2459,2024-09-24,29.4,72,323,0,No
2460,2024-09-25,31.3,93,397,0,No
2461,2024-09-26,27.6,80,1213,0,No
2462,2024-09-27,30.8,74,1258,0,No
2463,2024-09-28,21.6,84,169,0,No
2464,2024-09-29,34.8,54,1046,1,Yes
2465,2024-09-30,30.8,61,324,0,No
2466,2024-10-01,30.4,85,210,0,No
2467,2024-10-02,31.5,79,1052,0,No
2468,2024-10-03,28.3,55,239,0,No
2469,2024-10-04,33.5,88,783,0,No
2470,2024-10-05,22.2,65,565,1,Yes
2471,2024-10-06,23.9,50,129,0,No
2472,2024-10-07,32.6,53,830,0,No
2473,2024-10-08,23.2,72,53,0,No
2474,2024-10-09,32.5,66,1493,1,Yes
2475,2024-10-10,30.4,54,1077,1,Yes
2476,2024-10-11,35.0,86,65,1,Yes
2477,2024-10-12,30.2,78,969,1,Yes
2478,2024-10-13,28.0,50,996,0,No
2479,2024-10-14,24.5,73,937,0,No
2480,2024-10-15,31.3,95,508,0,No
2481,2024-10-16,21.8,50,718,0,No
2482,2024-10-17,22.7,75,468,1,Yes
2483,2024-10-18,26.0,60,536,0,No
2484,2024-10-19,21.2,57,959,0,No
2485,2024-10-20,20.9,79,75,0,No
2486,2024-10-21,25.2,81,702,0,No
2487,2024-10-22,25.3,66,317,0,No
2488,2024-10-23,20.8,64,718,1,Yes
2489,2024-10-24,32.6,69,595,0,No
2490,2024-10-25,26.8,81,953,1,Yes
2491,2024-10-26,23.6,84,964,0,No
2492,2024-10-27,23.3,99,68,0,No
2493,2024-10-28,20.5,60,336,0,No
2494,2024-10-29,34.9,61,1111,0,No
2495,2024-10-30,21.4,59,336,0,No
2496,2024-10-31,22.5,91,638,1,Yes
2497,2024-11-01,25.8,60,1488,1,Yes
2498,2024-11-02,20.6,97,156,0,No
2499,2024-11-03,32.6,65,382,0,No
2500,2024-11-04,24.6,77,1478,0,No
2501,2024-11-05,21.7,96,940,0,No
2502,2024-11-06,27.7,100,611,1,Yes
2503,2024-11-07,28.5,99,872,0,No
2504,2024-11-08,20.1,77,1178,0,No
2505,2024-11-09,33.3,51,477,0,No
2506,2024-11-10,28.0,93,1274,0,No
2507,2024-11-11,21.4,66,1192,0,No
2508,2024-11-12,33.6,61,443,0,No
2509,2024-11-13,25.5,54,100,0,No
2510,2024-11-14,23.9,67,1131,0,No
2511,2024-11-15,30.4,97,532,0,No
2512,2024-11-16,27.3,79,871,1,Yes
2513,2024-11-17,30.8,91,879,0,No
2514,2024-11-18,29.4,54,1453,0,No
2515,2024-11-19,21.3,73,346,0,No
2516,2024-11-20,23.5,83,114,0,No
2517,2024-11-21,28.2,80,360,0,No
2518,2024-11-22,22.6,53,1195,0,No
2519,2024-11-23,29.7,84,396,0,No
2520,2024-11-24,23.6,86,1173,1,Yes
2521,2024-11-25,28.7,70,1434,0,No
2522,2024-11-26,26.2,73,637,1,Yes
2523,2024-11-27,21.2,55,1313,0,No
2524,2024-11-28,25.4,72,1213,0,No
2525,2024-11-29,21.2,65,296,0,No
2526,2024-11-30,34.0,97,1254,1,Yes
2527,2024-12-01,20.5,95,623,0,No
2528,2024-12-02,26.1,50,740,1,Yes
2529,2024-12-03,27.2,97,58,0,No
2530,2024-12-04,32.6,95,578,0,No
2531,2024-12-05,23.8,94,1006,0,No
2532,2024-12-06,33.8,74,1205,1,Yes
2533,2024-12-07,22.4,97,565,1,Yes
2534,2024-12-08,25.3,69,588,0,No
2535,2024-12-09,30.7,50,1034,0,No
2536,2024-12-10,30.8,66,461,0,No
2537,2024-12-11,23.9,84,419,1,Yes
2538,2024-12-12,27.5,78,1379,0,No
2539,2024-12-13,33.9,71,88,0,No
2540,2024-12-14,22.6,100,1241,0,No
2541,2024-12-15,21.4,99,330,0,No
2542,2024-12-16,25.2,69,1072,0,No
2543,2024-12-17,29.1,76,534,0,No
2544,2024-12-18,22.5,88,1412,0,No
2545,2024-12-19,33.6,65,890,1,Yes
2546,2024-12-20,31.1,83,280,0,No
2547,2024-12-21,29.6,89,520,0,No
2548,2024-12-22,28.3,82,1355,1,Yes
2549,2024-12-23,31.3,88,322,1,Yes
2550,2024-12-24,34.3,86,666,0,No
2551,2024-12-25,29.7,59,1256,1,Yes
2552,2024-12-26,30.4,50,1486,0,No
2553,2024-12-27,24.3,59,1365,0,No
2554,2024-12-28,22.7,58,412,0,No
2555,2024-12-29,23.4,56,87,0,No
2556,2024-12-30,22.0,91,629,0,No
2557,2024-12-31,33.6,95,205,1,Yes
2558,2025-01-01,28.2,60,1130,0,No
2559,2025-01-02,25.2,74,213,1,Yes
2560,2025-01-03,34.7,84,1398,0,No
2561,2025-01-04,31.7,91,1039,0,No
2562,2025-01-05,34.7,68,180,1,Yes
2563,2025-01-06,23.0,98,642,1,Yes
2564,2025-01-07,27.9,59,260,1,Yes
2565,2025-01-08,35.0,71,971,1,Yes
2566,2025-01-09,24.9,83,1432,1,Yes
2567,2025-01-10,23.8,83,308,0,No
2568,2025-01-11,34.3,76,234,0,No
2569,2025-01-12,26.9,63,204,0,No
2570,2025-01-13,32.3,50,954,1,Yes
2571,2025-01-14,34.0,86,989,1,Yes
2572,2025-01-15,32.7,78,1248,0,No
2573,2025-01-16,30.0,63,580,0,No
2574,2025-01-17,22.9,100,620,0,No
2575,2025-01-18,22.5,98,1203,0,No
2576,2025-01-19,26.3,62,783,0,No
2577,2025-01-20,34.5,78,163,0,No
2578,2025-01-21,30.1,67,1437,0,No
2579,2025-01-22,31.7,93,170,1,Yes
2580,2025-01-23,21.7,88,1201,0,No
2581,2025-01-24,30.7,73,692,0,No
2582,2025-01-25,25.7,81,937,0,No
2583,2025-01-26,23.5,99,254,1,Yes
2584,2025-01-27,28.0,90,1301,0,No
2585,2025-01-28,23.1,89,763,0,No
2586,2025-01-29,31.4,82,790,0,No
2587,2025-01-30,27.2,80,966,1,Yes
2588,2025-01-31,32.8,69,1169,0,No
2589,2025-02-01,31.3,62,901,0,No
2590,2025-02-02,20.7,81,794,0,No
2591,2025-02-03,32.2,98,1337,1,Yes
2592,2025-02-04,21.1,78,1241,1,Yes
2593,2025-02-05,28.3,70,83,0,No
2594,2025-02-06,27.5,100,1249,1,Yes
2595,2025-02-07,22.5,86,1418,0,No
2596,2025-02-08,30.7,57,896,0,No
2597,2025-02-09,31.0,77,202,1,Yes
2598,2025-02-10,25.9,95,804,1,Yes
2599,2025-02-11,20.7,81,968,1,Yes
2600,2025-02-12,21.1,73,632,0,No
2601,2025-02-13,27.1,93,448,0,No
2602,2025-02-14,32.4,99,268,0,No
2603,2025-02-15,23.1,91,1249,1,Yes
2604,2025-02-16,23.6,91,1294,0,No
2605,2025-02-17,23.3,79,1384,0,No
2606,2025-02-18,27.9,56,1357,0,No
2607,2025-02-19,30.5,52,315,0,No
2608,2025-02-20,32.0,52,516,0,No
2609,2025-02-21,23.6,60,756,1,Yes
2610,2025-02-22,32.2,54,1016,1,Yes
2611,2025-02-23,22.5,70,159,0,No
2612,2025-02-24,25.5,66,161,0,No
2613,2025-02-25,28.2,95,1021,0,No
2614,2025-02-26,24.3,74,1334,1,Yes
2615,2025-02-27,34.1,56,755,0,No
2616,2025-02-28,29.8,53,849,0,No
2617,2025-03-01,21.3,86,1471,0,No
2618,2025-03-02,26.9,92,952,0,No
2619,2025-03-03,24.9,99,1186,1,Yes
2620,2025-03-04,20.9,73,100,0,No
2621,2025-03-05,25.6,64,338,1,Yes
2622,2025-03-06,31.7,52,1499,0,No
2623,2025-03-07,34.2,66,430,0,No
2624,2025-03-08,26.8,80,1004,0,No
2625,2025-03-09,25.1,92,376,0,No
2626,2025-03-10,30.2,63,879,1,Yes
2627,2025-03-11,28.6,84,1272,0,No
2628,2025-03-12,31.9,71,189,1,Yes
2629,2025-03-13,29.9,84,208,0,No
2630,2025-03-14,28.4,74,392,0,No
2631,2025-03-15,23.8,51,580,0,No
2632,2025-03-16,30.6,64,973,0,No
2633,2025-03-17,21.7,93,533,0,No
2634,2025-03-18,28.0,99,1120,0,No
2635,2025-03-19,33.8,57,940,0,No
2636,2025-03-20,24.2,78,1491,0,No
2637,2025-03-21,23.6,93,1299,0,No
2638,2025-03-22,27.6,83,1224,0,No
2639,2025-03-23,24.2,82,302,0,No
2640,2025-03-24,20.8,56,320,0,No
2641,2025-03-25,34.0,81,672,0,No
2642,2025-03-26,32.0,85,1411,0,No
2643,2025-03-27,34.1,89,776,0,No
2644,2025-03-28,30.0,80,808,0,No
2645,2025-03-29,32.1,96,742,1,Yes
2646,2025-03-30,33.8,81,1396,0,No
2647,2025-03-31,22.3,92,1114,0,No
2648,2025-04-01,28.4,90,434,0,No
2649,2025-04-02,24.5,84,505,0,No
2650,2025-04-03,29.9,59,1073,0,No
2651,2025-04-04,22.6,63,206,0,No
2652,2025-04-05,29.8,73,1104,1,Yes
2653,2025-04-06,33.9,97,1230,1,Yes
2654,2025-04-07,32.0,90,1027,0,No
2655,2025-04-08,34.2,68,55,1,Yes
2656,2025-04-09,30.2,93,254,0,No
2657,2025-04-10,26.0,58,879,0,No
2658,2025-04-11,23.6,63,856,1,Yes
2659,2025-04-12,28.7,100,957,0,No
2660,2025-04-13,25.6,72,335,0,No
2661,2025-04-14,31.1,92,75,1,Yes
2662,2025-04-15,32.6,59,979,1,Yes
2663,2025-04-16,34.3,89,1160,0,No
2664,2025-04-17,32.2,58,362,0,No
2665,2025-04-18,32.2,93,512,0,No
2666,2025-04-19,27.8,61,271,0,No
2667,2025-04-20,20.3,69,382,0,No
2668,2025-04-21,31.3,100,498,0,No
2669,2025-04-22,28.5,54,1011,0,No
2670,2025-04-23,26.1,78,87,0,No
2671,2025-04-24,34.0,92,321,0,No
2672,2025-04-25,29.6,78,862,1,Yes
2673,2025-04-26,22.7,52,596,0,No
2674,2025-04-27,24.3,95,508,0,No
2675,2025-04-28,30.5,73,261,0,No
2676,2025-04-29,22.8,95,1405,1,Yes
2677,2025-04-30,28.3,50,1269,1,Yes
2678,2025-05-01,32.4,93,414,0,No
2679,2025-05-02,23.0,98,1152,1,Yes
2680,2025-05-03,34.1,51,648,1,Yes
2681,2025-05-04,25.8,96,208,0,No
2682,2025-05-05,27.2,83,1167,0,No
2683,2025-05-06,31.6,83,293,0,No
2684,2025-05-07,30.7,100,446,1,Yes
2685,2025-05-08,34.9,58,731,1,Yes
2686,2025-05-09,33.4,98,994,0,No
2687,2025-05-10,20.9,79,451,0,No
2688,2025-05-11,34.5,83,1111,1,Yes
2689,2025-05-12,22.1,53,257,0,No
2690,2025-05-13,22.5,92,452,0,No
2691,2025-05-14,22.4,67,426,0,No
2692,2025-05-15,21.3,87,1388,1,Yes
2693,2025-05-16,20.9,65,918,0,No
2694,2025-05-17,30.6,63,545,0,No
2695,2025-05-18,24.5,72,82,0,No
2696,2025-05-19,26.7,97,1253,0,No
2697,2025-05-20,22.0,70,586,0,No
2698,2025-05-21,23.8,81,1352,0,No
2699,2025-05-22,30.3,62,1135,0,No
2700,2025-05-23,32.1,61,1265,0,No
2701,2025-05-24,26.0,78,1207,0,No
2702,2025-05-25,25.7,75,165,1,Yes
2703,2025-05-26,24.5,81,1268,1,Yes
2704,2025-05-27,31.0,70,1224,0,No
2705,2025-05-28,32.0,66,835,1,Yes
2706,2025-05-29,32.8,91,84,0,No
2707,2025-05-30,34.2,51,537,0,No
2708,2025-05-31,27.3,86,1479,0,No
2709,2025-06-01,20.6,85,1380,0,No
2710,2025-06-02,34.2,96,93,0,No
2711,2025-06-03,26.7,65,351,0,No
2712,2025-06-04,31.9,56,655,1,Yes
2713,2025-06-05,21.6,87,1285,1,Yes
2714,2025-06-06,25.8,90,184,1,Yes
2715,2025-06-07,21.3,80,548,0,No
2716,2025-06-08,34.6,78,200,0,No
2717,2025-06-09,34.1,100,925,0,No
2718,2025-06-10,27.6,79,668,0,No
2719,2025-06-11,25.4,72,987,0,No
2720,2025-06-12,22.7,69,1085,0,No
2721,2025-06-13,33.7,98,1249,0,No
2722,2025-06-14,28.1,83,186,0,No
2723,2025-06-15,34.7,83,280,1,Yes
2724,2025-06-16,34.4,56,335,0,No
2725,2025-06-17,24.8,79,242,0,No
2726,2025-06-18,27.6,77,1207,0,No
2727,2025-06-19,23.1,80,1460,0,No
2728,2025-06-20,29.9,54,1121,0,No
2729,2025-06-21,27.0,90,247,0,No
2730,2025-06-22,22.0,50,1245,0,No
2731,2025-06-23,28.6,63,834,0,No
2732,2025-06-24,34.9,74,914,0,No
2733,2025-06-25,31.0,99,1449,0,No
2734,2025-06-26,32.4,75,61,0,No
2735,2025-06-27,27.6,54,717,0,No
2736,2025-06-28,25.4,88,807,1,Yes
2737,2025-06-29,32.6,82,994,1,Yes
2738,2025-06-30,31.3,55,1034,0,No
2739,2025-07-01,30.8,82,693,1,Yes
2740,2025-07-02,21.3,82,1144,1,Yes
2741,2025-07-03,24.0,64,471,0,No
2742,2025-07-04,25.2,80,508,0,No
2743,2025-07-05,24.8,73,972,0,No
2744,2025-07-06,23.7,86,1050,0,No
2745,2025-07-07,21.3,65,374,1,Yes
2746,2025-07-08,29.9,92,597,1,Yes
2747,2025-07-09,34.8,52,409,0,No
2748,2025-07-10,28.2,99,1243,0,No
2749,2025-07-11,32.2,73,736,0,No
2750,2025-07-12,25.0,62,1184,0,No
2751,2025-07-13,31.7,81,1377,0,No
2752,2025-07-14,22.5,92,85,0,No
2753,2025-07-15,29.9,75,688,1,Yes
2754,2025-07-16,27.4,74,1443,0,No
2755,2025-07-17,26.1,96,582,0,No
2756,2025-07-18,32.8,71,351,0,No
2757,2025-07-19,27.1,90,489,1,Yes
2758,2025-07-20,23.5,51,1138,1,Yes
2759,2025-07-21,30.9,75,761,0,No
2760,2025-07-22,24.7,61,522,0,No
2761,2025-07-23,30.3,88,695,1,Yes
2762,2025-07-24,25.7,57,878,0,No
2763,2025-07-25,31.7,81,829,0,No
2764,2025-07-26,28.5,91,59,0,No
2765,2025-07-27,21.8,58,357,0,No
2766,2025-07-28,27.5,75,215,1,Yes
2767,2025-07-29,29.0,52,1328,0,No
2768,2025-07-30,26.5,88,584,0,No
2769,2025-07-31,33.3,80,268,1,Yes
2770,2025-08-01,31.1,90,280,0,No
2771,2025-08-02,23.5,94,475,0,No
2772,2025-08-03,31.3,82,150,0,No
2773,2025-08-04,25.7,55,1118,0,No
2774,2025-08-05,25.8,52,272,0,No
2775,2025-08-06,24.2,53,359,0,No
2776,2025-08-07,34.5,64,744,1,Yes
2777,2025-08-08,24.4,67,1148,0,No
2778,2025-08-09,22.7,67,518,0,No
2779,2025-08-10,33.9,78,1496,0,No
2780,2025-08-11,20.1,52,1174,1,Yes
2781,2025-08-12,23.7,95,725,0,No
2782,2025-08-13,34.9,59,194,0,No
2783,2025-08-14,34.4,64,1448,0,No
2784,2025-08-15,34.7,74,106,1,Yes
2785,2025-08-16,34.1,86,205,1,Yes
2786,2025-08-17,21.3,94,749,0,No
2787,2025-08-18,32.1,74,809,1,Yes
2788,2025-08-19,30.9,53,289,1,Yes
2789,2025-08-20,31.1,75,1101,0,No
2790,2025-08-21,21.6,100,356,0,No
2791,2025-08-22,31.2,60,471,0,No
2792,2025-08-23,28.7,83,519,0,No
2793,2025-08-24,27.1,69,846,0,No
2794,2025-08-25,32.2,83,1185,0,No
2795,2025-08-26,34.7,98,1369,0,No
2796,2025-08-27,24.7,55,97,1,Yes
2797,2025-08-28,25.3,68,1495,0,No
2798,2025-08-29,24.6,83,1252,0,No
2799,2025-08-30,30.4,84,100,0,No
2800,2025-08-31,29.5,55,1423,0,No
2801,2025-09-01,21.2,63,374,0,No
2802,2025-09-02,24.1,89,93,1,Yes
2803,2025-09-03,30.8,80,756,1,Yes
2804,2025-09-04,22.2,52,841,1,Yes
2805,2025-09-05,20.8,99,81,0,No
2806,2025-09-06,31.5,84,1173,1,Yes
2807,2025-09-07,27.5,77,182,0,No
2808,2025-09-08,24.7,70,636,1,Yes
2809,2025-09-09,23.9,91,335,0,No
2810,2025-09-10,22.4,89,1172,0,No
2811,2025-09-11,33.7,59,463,0,No
2812,2025-09-12,33.7,99,1017,1,Yes
2813,2025-09-13,31.4,80,166,0,No
2814,2025-09-14,29.1,60,863,1,Yes
2815,2025-09-15,24.4,82,316,0,No
2816,2025-09-16,21.3,97,81,0,No
2817,2025-09-17,30.8,93,194,0,No
2818,2025-09-18,29.3,66,159,0,No
2819,2025-09-19,20.3,100,910,0,No
2820,2025-09-20,32.8,86,1384,0,No
2821,2025-09-21,28.5,86,768,0,No
2822,2025-09-22,20.5,68,1276,1,Yes
2823,2025-09-23,31.2,87,1293,1,Yes
2824,2025-09-24,30.7,68,868,0,No
2825,2025-09-25,22.8,67,834,0,No
2826,2025-09-26,26.2,88,766,0,No
2827,2025-09-27,28.2,76,790,0,No
2828,2025-09-28,25.3,55,232,0,No
2829,2025-09-29,30.8,73,627,1,Yes
2830,2025-09-30,23.2,54,1157,0,No
2831,2025-10-01,25.4,90,617,0,No
2832,2025-10-02,21.4,52,1029,0,No
2833,2025-10-03,23.3,74,965,0,No
2834,2025-10-04,32.8,94,933,0,No
2835,2025-10-05,33.3,65,111,1,Yes
2836,2025-10-06,25.5,70,516,0,No
2837,2025-10-07,29.4,66,119,0,No
2838,2025-10-08,20.2,79,282,0,No
2839,2025-10-09,24.4,67,814,1,Yes
2840,2025-10-10,22.3,100,1111,1,Yes
2841,2025-10-11,34.1,86,1097,0,No
2842,2025-10-12,22.7,79,600,0,No
2843,2025-10-13,27.4,64,278,0,No
2844,2025-10-14,33.9,55,619,0,No
2845,2025-10-15,26.3,78,286,0,No
2846,2025-10-16,34.1,96,79,1,Yes
2847,2025-10-17,28.3,87,1467,1,Yes
2848,2025-10-18,33.2,93,708,0,No
2849,2025-10-19,27.1,88,153,0,No
2850,2025-10-20,21.2,71,1325,0,No
2851,2025-10-21,29.7,79,1134,0,No
2852,2025-10-22,31.5,58,778,0,No
2853,2025-10-23,20.9,65,124,0,No
2854,2025-10-24,22.0,71,452,0,No
2855,2025-10-25,29.5,94,375,0,No
2856,2025-10-26,33.8,55,1018,0,No
2857,2025-10-27,33.3,53,371,0,No
2858,2025-10-28,22.3,65,1351,1,Yes
2859,2025-10-29,28.5,89,456,0,No
2860,2025-10-30,30.9,92,963,0,No
2861,2025-10-31,20.1,87,102,0,No
2862,2025-11-01,22.4,96,719,0,No
2863,2025-11-02,21.0,100,1443,1,Yes
2864,2025-11-03,27.9,69,1249,1,Yes
2865,2025-11-04,28.9,68,574,0,No
2866,2025-11-05,27.9,51,239,0,No
2867,2025-11-06,30.8,100,1441,1,Yes
2868,2025-11-07,27.4,98,104,0,No
2869,2025-11-08,30.1,67,1174,1,Yes
2870,2025-11-09,25.0,85,1323,1,Yes
2871,2025-11-10,25.7,80,59,1,Yes
2872,2025-11-11,20.4,87,611,0,No
2873,2025-11-12,24.5,84,1024,0,No
2874,2025-11-13,23.8,71,257,1,Yes
2875,2025-11-14,29.0,84,700,0,No
2876,2025-11-15,25.5,97,981,0,No
2877,2025-11-16,32.4,72,373,0,No
2878,2025-11-17,21.9,75,1155,0,No
2879,2025-11-18,32.7,100,1353,0,No
2880,2025-11-19,26.9,96,231,1,Yes
2881,2025-11-20,33.3,58,97,1,Yes
2882,2025-11-21,28.2,81,1452,0,No
2883,2025-11-22,33.2,73,649,0,No
2884,2025-11-23,31.0,67,938,0,No
2885,2025-11-24,23.9,73,1080,0,No
2886,2025-11-25,32.1,99,582,0,No
2887,2025-11-26,20.8,82,329,1,Yes
2888,2025-11-27,29.3,88,1112,1,Yes
2889,2025-11-28,34.6,93,1460,0,No
2890,2025-11-29,23.1,90,87,0,No
2891,2025-11-30,23.0,95,836,0,No
2892,2025-12-01,32.2,55,716,1,Yes
2893,2025-12-02,34.0,79,1477,0,No
2894,2025-12-03,30.9,97,1245,0,No
2895,2025-12-04,24.0,74,89,0,No
2896,2025-12-05,34.5,63,294,0,No
2897,2025-12-06,26.9,62,685,0,No
2898,2025-12-07,28.5,71,277,0,No
2899,2025-12-08,29.8,94,410,0,No
2900,2025-12-09,31.4,90,264,0,No
2901,2025-12-10,31.4,64,645,1,Yes
2902,2025-12-11,29.0,84,954,1,Yes
2903,2025-12-12,33.3,86,110,0,No
2904,2025-12-13,24.5,53,478,0,No
2905,2025-12-14,23.4,96,1394,1,Yes
2906,2025-12-15,33.6,75,1228,0,No
2907,2025-12-16,27.6,51,251,1,Yes
2908,2025-12-17,22.8,63,1265,0,No
2909,2025-12-18,25.9,90,188,1,Yes
2910,2025-12-19,28.7,56,791,0,No
2911,2025-12-20,34.2,90,216,1,Yes
2912,2025-12-21,29.0,77,755,0,No
2913,2025-12-22,32.4,70,1307,0,No
2914,2025-12-23,28.6,50,871,1,Yes
2915,2025-12-24,25.2,50,1161,1,Yes
2916,2025-12-25,31.0,50,1052,0,No
2917,2025-12-26,32.9,65,580,0,No
2918,2025-12-27,22.5,76,1029,0,No
2919,2025-12-28,32.2,63,572,0,No
2920,2025-12-29,22.3,52,1107,0,No
2921,2025-12-30,21.6,64,277,0,No
2922,2025-12-31,24.6,88,1071,0,No
